MMETSP0790-20130122|10115.p1				
MMETSP0790-20130122|10460.p1				
MMETSP0790-20130122|10601.p1				
MMETSP0790-20130122|10666.p1				
MMETSP0790-20130122|11128.p1				
MMETSP0790-20130122|1159.p2				
MMETSP0790-20130122|11638.p2				
MMETSP0790-20130122|11647.p1				
MMETSP0790-20130122|11701.p1				
MMETSP0790-20130122|12056.p3				
MMETSP0790-20130122|12365.p1				
MMETSP0790-20130122|12521.p2				
MMETSP0790-20130122|13314.p1				
MMETSP0790-20130122|13927.p1				
MMETSP0790-20130122|14025.p1				
MMETSP0790-20130122|14115.p1				
MMETSP0790-20130122|1424.p1				
MMETSP0790-20130122|14503.p1				
MMETSP0790-20130122|14627.p1				
MMETSP0790-20130122|15682.p1				
MMETSP0790-20130122|15811.p1				
MMETSP0790-20130122|15942.p1				
MMETSP0790-20130122|16466.p1				
MMETSP0790-20130122|16600.p1				
MMETSP0790-20130122|17155.p1				
MMETSP0790-20130122|17680.p1				
MMETSP0790-20130122|17735.p1				
MMETSP0790-20130122|17913.p1				
MMETSP0790-20130122|18052.p1				
MMETSP0790-20130122|1845.p2				
MMETSP0790-20130122|18791.p2				
MMETSP0790-20130122|19559.p1				
MMETSP0790-20130122|19860.p1				
MMETSP0790-20130122|22252.p1				
MMETSP0790-20130122|22355.p1				
MMETSP0790-20130122|22461.p1				
MMETSP0790-20130122|22573.p1				
MMETSP0790-20130122|23204.p1				
MMETSP0790-20130122|23427.p1				
MMETSP0790-20130122|23574.p2				
MMETSP0790-20130122|23643.p1				
MMETSP0790-20130122|2425.p1				
MMETSP0790-20130122|24337.p1				
MMETSP0790-20130122|24522.p1				
MMETSP0790-20130122|24629.p1				
MMETSP0790-20130122|24734.p1				
MMETSP0790-20130122|25834.p1				
MMETSP0790-20130122|26042.p1				
MMETSP0790-20130122|26485.p1				
MMETSP0790-20130122|26952.p1				
MMETSP0790-20130122|27614.p1				
MMETSP0790-20130122|27747.p1				
MMETSP0790-20130122|28228.p1				
MMETSP0790-20130122|29761.p1				
MMETSP0790-20130122|29770.p1				
MMETSP0790-20130122|29988.p1				
MMETSP0790-20130122|30257.p1				
MMETSP0790-20130122|31020.p2				
MMETSP0790-20130122|31150.p2				
MMETSP0790-20130122|31237.p1				
MMETSP0790-20130122|31595.p4				
MMETSP0790-20130122|31773.p1				
MMETSP0790-20130122|31810.p2				
MMETSP0790-20130122|33705.p1				
MMETSP0790-20130122|34476.p1				
MMETSP0790-20130122|35074.p1				
MMETSP0790-20130122|38386.p1				
MMETSP0790-20130122|38494.p1				
MMETSP0790-20130122|39071.p2				
MMETSP0790-20130122|39264.p1				
MMETSP0790-20130122|39387.p2				
MMETSP0790-20130122|4173.p1				
MMETSP0790-20130122|44557.p1				
MMETSP0790-20130122|45574.p1				
MMETSP0790-20130122|46467.p2				
MMETSP0790-20130122|46531.p1				
MMETSP0790-20130122|47129.p1				
MMETSP0790-20130122|47255.p1				
MMETSP0790-20130122|4781.p1				
MMETSP0790-20130122|4812.p1				
MMETSP0790-20130122|48242.p1				
MMETSP0790-20130122|50036.p1				
MMETSP0790-20130122|50654.p1				
MMETSP0790-20130122|51303.p1				
MMETSP0790-20130122|5238.p1				
MMETSP0790-20130122|52583.p2				
MMETSP0790-20130122|52626.p1				
MMETSP0790-20130122|53521.p1				
MMETSP0790-20130122|53796.p1				
MMETSP0790-20130122|54302.p1				
MMETSP0790-20130122|55622.p1				
MMETSP0790-20130122|56456.p1				
MMETSP0790-20130122|56644.p1				
MMETSP0790-20130122|5695.p1				
MMETSP0790-20130122|57955.p3				
MMETSP0790-20130122|57961.p1				
MMETSP0790-20130122|5844.p2				
MMETSP0790-20130122|58481.p2				
MMETSP0790-20130122|59303.p1				
MMETSP0790-20130122|59751.p2				
MMETSP0790-20130122|60266.p1				
MMETSP0790-20130122|622.p1				
MMETSP0790-20130122|6275.p1				
MMETSP0790-20130122|64315.p1				
MMETSP0790-20130122|64340.p1				
MMETSP0790-20130122|64872.p1				
MMETSP0790-20130122|65494.p1				
MMETSP0790-20130122|65994.p1				
MMETSP0790-20130122|66321.p1				
MMETSP0790-20130122|68789.p1				
MMETSP0790-20130122|6893.p1				
MMETSP0790-20130122|69083.p1				
MMETSP0790-20130122|69189.p1				
MMETSP0790-20130122|7114.p1				
MMETSP0790-20130122|71216.p1				
MMETSP0790-20130122|71626.p1				
MMETSP0790-20130122|7197.p1				
MMETSP0790-20130122|8581.p1				
CAD7934024.1				
CAD7934253.1				
CAD7935194.1				
CAD7937417.1				
CAD7937796.1				
CAD7937892.1				
CAD7937989.1				
CAD7940344.1				
CAD7952873.1				
CAD7953700.1				
CAD7955474.1				
CAD7956906.1				
CAD7960401.1				
CAD7962397.1				
CAD7962539.1				
CAD7964062.1				
CAD7965396.1				
CAD7965794.1				
CAD7965961.1				
CAD7966006.1				
CAD7966630.1				
CAD7966632.1				
CAD7968716.1				
CAD7971854.1				
CAD7971870.1				
CAD7974984.1				
MMETSP0258-20121128|11047.p1				
MMETSP0258-20121128|11145.p3				
MMETSP0258-20121128|11488.p1				
MMETSP0258-20121128|12202.p1				
MMETSP0258-20121128|1227.p1				
MMETSP0258-20121128|14248.p1				
MMETSP0258-20121128|14264.p1				
MMETSP0258-20121128|14366.p1				
MMETSP0258-20121128|15001.p1				
MMETSP0258-20121128|15265.p1				
MMETSP0258-20121128|15517.p1				
MMETSP0258-20121128|16285.p1				
MMETSP0258-20121128|16562.p1				
MMETSP0258-20121128|17078.p1				
MMETSP0258-20121128|175.p1				
MMETSP0258-20121128|18627.p1				
MMETSP0258-20121128|19313.p1				
MMETSP0258-20121128|19376.p1				
MMETSP0258-20121128|20.p1				
MMETSP0258-20121128|20101.p1				
MMETSP0258-20121128|21014.p1				
MMETSP0258-20121128|22015.p1				
MMETSP0258-20121128|22261.p1				
MMETSP0258-20121128|22310.p1				
MMETSP0258-20121128|23132.p1				
MMETSP0258-20121128|23629.p1				
MMETSP0258-20121128|23755.p1				
MMETSP0258-20121128|23971.p1				
MMETSP0258-20121128|25019.p1				
MMETSP0258-20121128|26999.p1				
MMETSP0258-20121128|27560.p1				
MMETSP0258-20121128|27637.p1				
MMETSP0258-20121128|28505.p1				
MMETSP0258-20121128|28668.p1				
MMETSP0258-20121128|29404.p1				
MMETSP0258-20121128|29747.p1				
MMETSP0258-20121128|30311.p1				
MMETSP0258-20121128|31769.p1				
MMETSP0258-20121128|32223.p1				
MMETSP0258-20121128|32855.p1				
MMETSP0258-20121128|33897.p1				
MMETSP0258-20121128|34957.p1				
MMETSP0258-20121128|35163.p1				
MMETSP0258-20121128|35304.p1				
MMETSP0258-20121128|39226.p1				
MMETSP0258-20121128|4046.p1				
MMETSP0258-20121128|4054.p1				
MMETSP0258-20121128|41603.p2				
MMETSP0258-20121128|4218.p1				
MMETSP0258-20121128|42182.p1				
MMETSP0258-20121128|42422.p2				
MMETSP0258-20121128|42888.p2				
MMETSP0258-20121128|42949.p1				
MMETSP0258-20121128|4309.p1				
MMETSP0258-20121128|43192.p1				
MMETSP0258-20121128|43310.p1				
MMETSP0258-20121128|43649.p1				
MMETSP0258-20121128|43758.p1				
MMETSP0258-20121128|44208.p1				
MMETSP0258-20121128|4467.p1				
MMETSP0258-20121128|4832.p1				
MMETSP0258-20121128|5095.p1				
MMETSP0258-20121128|5467.p1				
MMETSP0258-20121128|5496.p1				
MMETSP0258-20121128|5587.p1				
MMETSP0258-20121128|5750.p1				
MMETSP0258-20121128|5895.p1				
MMETSP0258-20121128|6043.p1				
MMETSP0258-20121128|666.p1				
MMETSP0258-20121128|7757.p1				
MMETSP0258-20121128|8088.p1				
MMETSP0258-20121128|8147.p1				
MMETSP0258-20121128|8203.p1				
MMETSP0258-20121128|8663.p1				
MMETSP0258-20121128|9356.p1				
MMETSP0259-20121128|10354.p1				
MMETSP0259-20121128|10891.p1				
MMETSP0259-20121128|12832.p1				
MMETSP0259-20121128|12890.p1				
MMETSP0259-20121128|13306.p1				
MMETSP0259-20121128|17874.p1				
MMETSP0259-20121128|18186.p1				
MMETSP0259-20121128|18424.p1				
MMETSP0259-20121128|18794.p1				
MMETSP0259-20121128|19767.p1				
MMETSP0259-20121128|1999.p1				
MMETSP0259-20121128|22062.p1				
MMETSP0259-20121128|22491.p1				
MMETSP0259-20121128|22629.p1				
MMETSP0259-20121128|22695.p1				
MMETSP0259-20121128|24036.p1				
MMETSP0259-20121128|24281.p1				
MMETSP0259-20121128|24781.p1				
MMETSP0259-20121128|25710.p1				
MMETSP0259-20121128|26337.p1				
MMETSP0259-20121128|26864.p1				
MMETSP0259-20121128|28032.p1				
MMETSP0259-20121128|29260.p1				
MMETSP0259-20121128|30564.p1				
MMETSP0259-20121128|30605.p1				
MMETSP0259-20121128|3133.p1				
MMETSP0259-20121128|32891.p1				
MMETSP0259-20121128|33514.p1				
MMETSP0259-20121128|38337.p1				
MMETSP0259-20121128|38755.p1				
MMETSP0259-20121128|39431.p3				
MMETSP0259-20121128|39508.p1				
MMETSP0259-20121128|40138.p1				
MMETSP0259-20121128|41661.p1				
MMETSP0259-20121128|41810.p2				
MMETSP0259-20121128|42174.p1				
MMETSP0259-20121128|42211.p1				
MMETSP0259-20121128|42872.p2				
MMETSP0259-20121128|44111.p1				
MMETSP0259-20121128|44111.p3				
MMETSP0259-20121128|5856.p1				
MMETSP0259-20121128|6672.p1				
MMETSP0259-20121128|7822.p1				
MMETSP0259-20121128|8712.p1				
MMETSP0259-20121128|9064.p1				
MMETSP0259-20121128|9283.p1				
MMETSP0259-20121128|9932.p1				
MMETSP0259-20121128|9964.p2				
BBBOND_0102640				
BBBOND_0110960				
BBBOND_0200390				
BBBOND_0309020				
BBOV_II000610				
BBOV_II007640				
BBOV_III005470				
BBOV_IV003210				
BMR1_02g02655				
BMR1_02g03735				
BMR1_03g01395				
BMR1_03g01970				
BmR1_04g07905				
BmR1_04g08970				
BmR1_04g09340				
PFH31684.1				
PFH32277.1				
PFH32285.1				
PFH32288.1				
PFH32481.1				
PFH32526.1				
PFH32686.1				
PFH33205.1				
PFH33450.1				
PFH34944.1				
PFH35211.1				
PFH35285.1				
PFH35931.1				
PFH36004.1				
PFH36324.1				
PFH36417.1				
PFH37256.1				
PFH37490.1				
PFH37828.1				
KAF8817737.1				
KAF8819077.1				
KAF8819238.1				
KAF8819781.1				
KAF8819806.1				
KAF8819885.1				
KAF8819886.1				
KAF8820420.1				
KAF8820428.1				
KAF8820437.1				
KAF8820493.1				
KAF8820911.1				
KAF8821000.1				
KAF8821136.1				
KAF8821295.1				
KAF8821694.1				
KAF8822777.1				
Cvel_10005.t1				
Cvel_10082.t1				
Cvel_10489.t1				
Cvel_10519.t1				
Cvel_11444.t1				
Cvel_122.t1				
Cvel_13508.t1				
Cvel_13661.t1				
Cvel_1395.t1				
Cvel_14111.t1				
Cvel_14290.t1				
Cvel_14661.t1				
Cvel_14726.t1				
Cvel_14822.t1				
Cvel_1520.t1				
Cvel_1548.t1				
Cvel_15925.t1				
Cvel_18027.t1				
Cvel_18693.t1				
Cvel_18789.t1				
Cvel_20150.t1				
Cvel_20818.t1				
Cvel_21061.t1				
Cvel_21610.t1				
Cvel_23050.t1				
Cvel_25497.t1				
Cvel_25708.t1				
Cvel_26383.t1				
Cvel_2702.t1				
Cvel_27668.t1				
Cvel_27945.t1				
Cvel_27946.t1				
Cvel_28573.t1				
Cvel_2894.t1				
Cvel_2984.t1				
Cvel_32080.t1				
Cvel_32440.t1				
Cvel_32861.t1				
Cvel_3887.t1				
Cvel_419.t1				
Cvel_5127.t1				
Cvel_7393.t1				
Cvel_7559.t1				
Cvel_9761.t1				
cand_007470				
cand_007750				
cand_011880				
cand_014350				
cand_016160				
cand_024450				
cand_029960				
cand_036830				
cand_038310				
CmeUKMEL1_02550				
CmeUKMEL1_04430				
CmeUKMEL1_05520				
CmeUKMEL1_07595				
CmeUKMEL1_07940				
CmeUKMEL1_10290				
CmeUKMEL1_11330				
CmeUKMEL1_13490				
CmeUKMEL1_18405				
CmeUKMEL1_18520				
CmeUKMEL1_18605				
CMU_009030				
CMU_009310				
CMU_013980				
CMU_016610				
CMU_018480				
CMU_027710				
CMU_033880				
CMU_041080				
CMU_042610				
cgd2_1060				
cgd2_1300				
cgd3_920				
cgd4_3330				
cgd5_820				
cgd6_3400				
cgd6_4960				
cgd6_520				
cgd7_1840				
cgd7_3890				
cgd7_40				
cyc_00019				
cyc_00380				
cyc_00646				
cyc_01708				
cyc_02331				
cyc_02860				
cyc_03236				
cyc_03462				
cyc_03880				
cyc_04780				
cyc_05462				
cyc_05613				
cyc_05724				
cyc_06360				
cyc_06607				
cyc_06704				
cyc_06899				
cyc_08455				
CF000179				
CF000624				
CF000851				
CF001488				
CF004140				
MMETSP0797-20121207|10207.p1				
MMETSP0797-20121207|10266.p1				
MMETSP0797-20121207|10306.p1				
MMETSP0797-20121207|10512.p1				
MMETSP0797-20121207|10567.p1				
MMETSP0797-20121207|11575.p1				
MMETSP0797-20121207|11914.p1				
MMETSP0797-20121207|12034.p1				
MMETSP0797-20121207|12090.p1				
MMETSP0797-20121207|12375.p1				
MMETSP0797-20121207|12449.p1				
MMETSP0797-20121207|12494.p1				
MMETSP0797-20121207|13454.p1				
MMETSP0797-20121207|13968.p1				
MMETSP0797-20121207|13994.p1				
MMETSP0797-20121207|1405.p1				
MMETSP0797-20121207|14163.p1				
MMETSP0797-20121207|14853.p1				
MMETSP0797-20121207|15221.p2				
MMETSP0797-20121207|15648.p1				
MMETSP0797-20121207|16076.p1				
MMETSP0797-20121207|16555.p1				
MMETSP0797-20121207|16793.p1				
MMETSP0797-20121207|16850.p1				
MMETSP0797-20121207|16884.p1				
MMETSP0797-20121207|18345.p1				
MMETSP0797-20121207|18359.p1				
MMETSP0797-20121207|18693.p1				
MMETSP0797-20121207|19112.p1				
MMETSP0797-20121207|19678.p1				
MMETSP0797-20121207|19901.p1				
MMETSP0797-20121207|19906.p1				
MMETSP0797-20121207|20139.p1				
MMETSP0797-20121207|20672.p2				
MMETSP0797-20121207|21655.p1				
MMETSP0797-20121207|21960.p1				
MMETSP0797-20121207|22329.p2				
MMETSP0797-20121207|2234.p2				
MMETSP0797-20121207|22888.p1				
MMETSP0797-20121207|24252.p1				
MMETSP0797-20121207|25027.p3				
MMETSP0797-20121207|25350.p1				
MMETSP0797-20121207|2542.p1				
MMETSP0797-20121207|25738.p1				
MMETSP0797-20121207|25749.p1				
MMETSP0797-20121207|25749.p3				
MMETSP0797-20121207|26025.p2				
MMETSP0797-20121207|26283.p2				
MMETSP0797-20121207|26662.p1				
MMETSP0797-20121207|26892.p1				
MMETSP0797-20121207|26894.p2				
MMETSP0797-20121207|28270.p1				
MMETSP0797-20121207|28347.p1				
MMETSP0797-20121207|28752.p2				
MMETSP0797-20121207|28757.p1				
MMETSP0797-20121207|29386.p1				
MMETSP0797-20121207|29692.p2				
MMETSP0797-20121207|3047.p1				
MMETSP0797-20121207|33074.p1				
MMETSP0797-20121207|33450.p2				
MMETSP0797-20121207|33473.p2				
MMETSP0797-20121207|34070.p1				
MMETSP0797-20121207|3432.p1				
MMETSP0797-20121207|34897.p1				
MMETSP0797-20121207|35359.p1				
MMETSP0797-20121207|35390.p1				
MMETSP0797-20121207|36154.p1				
MMETSP0797-20121207|36167.p1				
MMETSP0797-20121207|3713.p1				
MMETSP0797-20121207|37896.p1				
MMETSP0797-20121207|38281.p1				
MMETSP0797-20121207|38427.p1				
MMETSP0797-20121207|39572.p2				
MMETSP0797-20121207|39601.p1				
MMETSP0797-20121207|4018.p1				
MMETSP0797-20121207|40281.p1				
MMETSP0797-20121207|40495.p1				
MMETSP0797-20121207|4267.p1				
MMETSP0797-20121207|42724.p1				
MMETSP0797-20121207|43794.p1				
MMETSP0797-20121207|43876.p2				
MMETSP0797-20121207|44016.p1				
MMETSP0797-20121207|46291.p1				
MMETSP0797-20121207|47449.p2				
MMETSP0797-20121207|47535.p1				
MMETSP0797-20121207|47583.p1				
MMETSP0797-20121207|47707.p1				
MMETSP0797-20121207|49019.p1				
MMETSP0797-20121207|49028.p1				
MMETSP0797-20121207|49233.p2				
MMETSP0797-20121207|4943.p1				
MMETSP0797-20121207|50728.p1				
MMETSP0797-20121207|50857.p1				
MMETSP0797-20121207|5176.p1				
MMETSP0797-20121207|52130.p1				
MMETSP0797-20121207|5219.p2				
MMETSP0797-20121207|52452.p1				
MMETSP0797-20121207|52748.p1				
MMETSP0797-20121207|53004.p1				
MMETSP0797-20121207|53671.p1				
MMETSP0797-20121207|5551.p1				
MMETSP0797-20121207|55605.p2				
MMETSP0797-20121207|5619.p1				
MMETSP0797-20121207|56577.p1				
MMETSP0797-20121207|58885.p1				
MMETSP0797-20121207|62094.p1				
MMETSP0797-20121207|62193.p1				
MMETSP0797-20121207|63364.p1				
MMETSP0797-20121207|6365.p2				
MMETSP0797-20121207|6428.p1				
MMETSP0797-20121207|66058.p3				
MMETSP0797-20121207|66942.p1				
MMETSP0797-20121207|67207.p1				
MMETSP0797-20121207|67668.p1				
MMETSP0797-20121207|68711.p1				
MMETSP0797-20121207|70019.p3				
MMETSP0797-20121207|7080.p2				
MMETSP0797-20121207|70837.p1				
MMETSP0797-20121207|71390.p1				
MMETSP0797-20121207|72821.p1				
MMETSP0797-20121207|7503.p1				
MMETSP0797-20121207|76219.p1				
MMETSP0797-20121207|76739.p1				
MMETSP0797-20121207|77370.p1				
MMETSP0797-20121207|78305.p1				
MMETSP0797-20121207|78762.p1				
MMETSP0797-20121207|78873.p2				
MMETSP0797-20121207|78931.p2				
MMETSP0797-20121207|7906.p1				
MMETSP0797-20121207|79248.p1				
MMETSP0797-20121207|80023.p1				
MMETSP0797-20121207|80070.p1				
MMETSP0797-20121207|80952.p1				
MMETSP0797-20121207|82121.p1				
MMETSP0797-20121207|8264.p1				
MMETSP0797-20121207|83387.p1				
MMETSP0797-20121207|8454.p1				
MMETSP0797-20121207|8455.p1				
MMETSP0797-20121207|84706.p1				
MMETSP0797-20121207|85336.p1				
MMETSP0797-20121207|85361.p1				
MMETSP0797-20121207|85669.p3				
MMETSP0797-20121207|87881.p1				
MMETSP0797-20121207|88508.p2				
MMETSP0797-20121207|88788.p1				
MMETSP0797-20121207|88880.p3				
MMETSP0797-20121207|9646.p1				
MMETSP0797-20121207|9964.p1				
MMETSP0116-20130129|11523.p1				
MMETSP0116-20130129|11957.p1				
MMETSP0116-20130129|11968.p1				
MMETSP0116-20130129|12227.p1				
MMETSP0116-20130129|12258.p1				
MMETSP0116-20130129|12394.p1				
MMETSP0116-20130129|12719.p1				
MMETSP0116-20130129|12768.p1				
MMETSP0116-20130129|12889.p1				
MMETSP0116-20130129|13082.p1				
MMETSP0116-20130129|1325.p1				
MMETSP0116-20130129|13692.p1				
MMETSP0116-20130129|13807.p1				
MMETSP0116-20130129|13930.p1				
MMETSP0116-20130129|14279.p1				
MMETSP0116-20130129|14326.p1				
MMETSP0116-20130129|14692.p1				
MMETSP0116-20130129|14782.p1				
MMETSP0116-20130129|14914.p1				
MMETSP0116-20130129|15201.p1				
MMETSP0116-20130129|15454.p1				
MMETSP0116-20130129|15740.p1				
MMETSP0116-20130129|15875.p1				
MMETSP0116-20130129|16188.p2				
MMETSP0116-20130129|16254.p2				
MMETSP0116-20130129|16433.p1				
MMETSP0116-20130129|16613.p1				
MMETSP0116-20130129|17915.p1				
MMETSP0116-20130129|18091.p2				
MMETSP0116-20130129|18329.p1				
MMETSP0116-20130129|18477.p1				
MMETSP0116-20130129|18798.p1				
MMETSP0116-20130129|19028.p1				
MMETSP0116-20130129|19106.p1				
MMETSP0116-20130129|19989.p1				
MMETSP0116-20130129|20564.p1				
MMETSP0116-20130129|20588.p1				
MMETSP0116-20130129|21160.p1				
MMETSP0116-20130129|21207.p1				
MMETSP0116-20130129|22251.p1				
MMETSP0116-20130129|22514.p1				
MMETSP0116-20130129|23504.p1				
MMETSP0116-20130129|23818.p2				
MMETSP0116-20130129|24013.p1				
MMETSP0116-20130129|24128.p1				
MMETSP0116-20130129|24783.p1				
MMETSP0116-20130129|25146.p1				
MMETSP0116-20130129|25317.p1				
MMETSP0116-20130129|25507.p1				
MMETSP0116-20130129|25816.p1				
MMETSP0116-20130129|26855.p1				
MMETSP0116-20130129|27933.p1				
MMETSP0116-20130129|28055.p1				
MMETSP0116-20130129|28261.p1				
MMETSP0116-20130129|28736.p1				
MMETSP0116-20130129|29205.p1				
MMETSP0116-20130129|29788.p1				
MMETSP0116-20130129|30044.p1				
MMETSP0116-20130129|30344.p1				
MMETSP0116-20130129|30681.p1				
MMETSP0116-20130129|30860.p1				
MMETSP0116-20130129|31454.p1				
MMETSP0116-20130129|31549.p1				
MMETSP0116-20130129|31926.p1				
MMETSP0116-20130129|32059.p1				
MMETSP0116-20130129|32438.p1				
MMETSP0116-20130129|3275.p1				
MMETSP0116-20130129|33057.p1				
MMETSP0116-20130129|33574.p1				
MMETSP0116-20130129|33866.p1				
MMETSP0116-20130129|34062.p1				
MMETSP0116-20130129|34247.p1				
MMETSP0116-20130129|34445.p1				
MMETSP0116-20130129|34899.p1				
MMETSP0116-20130129|35122.p1				
MMETSP0116-20130129|35789.p1				
MMETSP0116-20130129|35809.p2				
MMETSP0116-20130129|35809.p4				
MMETSP0116-20130129|36057.p1				
MMETSP0116-20130129|36453.p1				
MMETSP0116-20130129|3668.p1				
MMETSP0116-20130129|36801.p1				
MMETSP0116-20130129|37283.p1				
MMETSP0116-20130129|37283.p2				
MMETSP0116-20130129|38461.p1				
MMETSP0116-20130129|38583.p2				
MMETSP0116-20130129|38921.p1				
MMETSP0116-20130129|39701.p1				
MMETSP0116-20130129|40151.p1				
MMETSP0116-20130129|40220.p1				
MMETSP0116-20130129|42240.p2				
MMETSP0116-20130129|4255.p1				
MMETSP0116-20130129|42938.p1				
MMETSP0116-20130129|43282.p1				
MMETSP0116-20130129|43654.p1				
MMETSP0116-20130129|43697.p1				
MMETSP0116-20130129|45670.p1				
MMETSP0116-20130129|45685.p1				
MMETSP0116-20130129|46763.p1				
MMETSP0116-20130129|47029.p1				
MMETSP0116-20130129|4722.p1				
MMETSP0116-20130129|47708.p1				
MMETSP0116-20130129|4775.p1				
MMETSP0116-20130129|47822.p1				
MMETSP0116-20130129|47903.p1				
MMETSP0116-20130129|48707.p1				
MMETSP0116-20130129|49799.p1				
MMETSP0116-20130129|50272.p1				
MMETSP0116-20130129|51976.p1				
MMETSP0116-20130129|52889.p1				
MMETSP0116-20130129|5303.p1				
MMETSP0116-20130129|5376.p1				
MMETSP0116-20130129|53886.p1				
MMETSP0116-20130129|55740.p1				
MMETSP0116-20130129|57821.p1				
MMETSP0116-20130129|58745.p1				
MMETSP0116-20130129|5971.p1				
MMETSP0116-20130129|6193.p1				
MMETSP0116-20130129|64057.p1				
MMETSP0116-20130129|65126.p1				
MMETSP0116-20130129|66113.p1				
MMETSP0116-20130129|66698.p1				
MMETSP0116-20130129|66823.p1				
MMETSP0116-20130129|68065.p3				
MMETSP0116-20130129|68108.p2				
MMETSP0116-20130129|68122.p1				
MMETSP0116-20130129|6847.p1				
MMETSP0116-20130129|68485.p1				
MMETSP0116-20130129|68604.p4				
MMETSP0116-20130129|68686.p1				
MMETSP0116-20130129|68872.p1				
MMETSP0116-20130129|69744.p1				
MMETSP0116-20130129|6994.p1				
MMETSP0116-20130129|70362.p1				
MMETSP0116-20130129|70485.p2				
MMETSP0116-20130129|7077.p1				
MMETSP0116-20130129|71079.p1				
MMETSP0116-20130129|72814.p1				
MMETSP0116-20130129|74047.p1				
MMETSP0116-20130129|7488.p2				
MMETSP0116-20130129|74901.p1				
MMETSP0116-20130129|76045.p3				
MMETSP0116-20130129|76658.p2				
MMETSP0116-20130129|76920.p1				
MMETSP0116-20130129|8018.p1				
MMETSP0116-20130129|8171.p1				
MMETSP0116-20130129|8173.p1				
MMETSP0116-20130129|9087.p3				
MMETSP0116-20130129|9255.p2				
MMETSP0116-20130129|9364.p1				
MMETSP0116-20130129|9920.p1				
MMETSP0117-20130122|10247.p1				
MMETSP0117-20130122|12213.p1				
MMETSP0117-20130122|12972.p1				
MMETSP0117-20130122|13618.p1				
MMETSP0117-20130122|13789.p1				
MMETSP0117-20130122|14690.p1				
MMETSP0117-20130122|14939.p1				
MMETSP0117-20130122|1497.p2				
MMETSP0117-20130122|17935.p1				
MMETSP0117-20130122|18869.p1				
MMETSP0117-20130122|19384.p1				
MMETSP0117-20130122|21458.p1				
MMETSP0117-20130122|23936.p1				
MMETSP0117-20130122|24260.p1				
MMETSP0117-20130122|28742.p2				
MMETSP0117-20130122|35079.p1				
MMETSP0117-20130122|42868.p1				
MMETSP0117-20130122|5006.p1				
MMETSP0117-20130122|5062.p1				
MMETSP0117-20130122|5869.p1				
MMETSP0117-20130122|6937.p1				
MMETSP0117-20130122|7102.p1				
MMETSP0117-20130122|7400.p1				
MMETSP0117-20130122|8050.p1				
EAH_00005310				
EAH_00011110				
EAH_00014830				
EAH_00015180				
EAH_00015550				
EAH_00016810				
EAH_00018240				
EAH_00020850				
EAH_00022440				
EAH_00028660				
EAH_00031670				
EAH_00046720				
EAH_00054260				
EAH_00055110				
EAH_00056160				
EAH_00056560				
EAH_00058820				
EAH_00061790				
EAH_00064690				
EAH_00064860				
ETH_00001830				
ETH_00002745				
ETH_00004495				
ETH_00006260				
ETH_00010685				
ETH_00011250				
ETH_00016095				
ETH_00020725				
ETH_00022015				
ETH_00024365				
ETH_00024540				
ETH_00024560				
ETH_00025085				
ETH_00026715				
ETH_00029770				
ETH_00030760				
ETH_00033170				
ETH_00038830				
ETH_00039310				
ETH_00039855				
ETH_00041400				
ETH_00042550				
ETH_00042645				
GNI_002200				
GNI_005520				
GNI_010390				
GNI_010710				
GNI_011640				
GNI_052710				
GNI_068480				
GNI_081840				
GNI_082880				
GNI_091780				
GNI_118710				
GNI_133390				
GNI_164140				
GNI_176790				
HHA_206590				
HHA_218720				
HHA_224950				
HHA_225490				
HHA_228750				
HHA_235750				
HHA_237860				
HHA_237890				
HHA_240390				
HHA_240630				
HHA_242400				
HHA_253940				
HHA_255710				
HHA_258010				
HHA_262540				
HHA_283790				
HHA_295760				
HHA_301440				
HHA_305860				
HHA_315190				
VWU48495.1				
VWU49664.1				
VWU50087.1				
VWU51034.1				
VWU52143.1				
VWU52147.1				
VWU52657.1				
VWU53247.1				
MMETSP0448-20130528|10201.p1				
MMETSP0448-20130528|10419.p1				
MMETSP0448-20130528|10499.p1				
MMETSP0448-20130528|109119.p1				
MMETSP0448-20130528|110711.p1				
MMETSP0448-20130528|114648.p2				
MMETSP0448-20130528|125226.p1				
MMETSP0448-20130528|126477.p1				
MMETSP0448-20130528|12707.p1				
MMETSP0448-20130528|129700.p1				
MMETSP0448-20130528|131981.p2				
MMETSP0448-20130528|13285.p1				
MMETSP0448-20130528|136157.p1				
MMETSP0448-20130528|136671.p1				
MMETSP0448-20130528|13969.p1				
MMETSP0448-20130528|139856.p1				
MMETSP0448-20130528|148104.p1				
MMETSP0448-20130528|148510.p1				
MMETSP0448-20130528|14928.p1				
MMETSP0448-20130528|149804.p1				
MMETSP0448-20130528|151336.p1				
MMETSP0448-20130528|15386.p2				
MMETSP0448-20130528|155054.p1				
MMETSP0448-20130528|15511.p1				
MMETSP0448-20130528|156166.p1				
MMETSP0448-20130528|159283.p1				
MMETSP0448-20130528|16232.p2				
MMETSP0448-20130528|162490.p1				
MMETSP0448-20130528|162563.p1				
MMETSP0448-20130528|16634.p2				
MMETSP0448-20130528|16645.p1				
MMETSP0448-20130528|16774.p1				
MMETSP0448-20130528|168414.p1				
MMETSP0448-20130528|174222.p1				
MMETSP0448-20130528|17481.p2				
MMETSP0448-20130528|176030.p1				
MMETSP0448-20130528|182783.p1				
MMETSP0448-20130528|182783.p7				
MMETSP0448-20130528|182958.p1				
MMETSP0448-20130528|183380.p1				
MMETSP0448-20130528|183720.p1				
MMETSP0448-20130528|183865.p1				
MMETSP0448-20130528|183925.p1				
MMETSP0448-20130528|183966.p1				
MMETSP0448-20130528|183990.p1				
MMETSP0448-20130528|183990.p2				
MMETSP0448-20130528|184064.p1				
MMETSP0448-20130528|184236.p1				
MMETSP0448-20130528|184255.p1				
MMETSP0448-20130528|18429.p1				
MMETSP0448-20130528|184372.p1				
MMETSP0448-20130528|184491.p1				
MMETSP0448-20130528|184503.p3				
MMETSP0448-20130528|185261.p1				
MMETSP0448-20130528|185267.p1				
MMETSP0448-20130528|185270.p1				
MMETSP0448-20130528|185362.p1				
MMETSP0448-20130528|185603.p1				
MMETSP0448-20130528|185677.p1				
MMETSP0448-20130528|185699.p1				
MMETSP0448-20130528|185814.p1				
MMETSP0448-20130528|186190.p1				
MMETSP0448-20130528|186281.p1				
MMETSP0448-20130528|186548.p1				
MMETSP0448-20130528|186758.p1				
MMETSP0448-20130528|186951.p2				
MMETSP0448-20130528|187078.p1				
MMETSP0448-20130528|187320.p1				
MMETSP0448-20130528|187479.p1				
MMETSP0448-20130528|188073.p1				
MMETSP0448-20130528|188120.p1				
MMETSP0448-20130528|188312.p1				
MMETSP0448-20130528|188312.p2				
MMETSP0448-20130528|18874.p1				
MMETSP0448-20130528|18908.p1				
MMETSP0448-20130528|19728.p1				
MMETSP0448-20130528|20035.p1				
MMETSP0448-20130528|21121.p1				
MMETSP0448-20130528|21274.p1				
MMETSP0448-20130528|22725.p1				
MMETSP0448-20130528|22735.p1				
MMETSP0448-20130528|23074.p1				
MMETSP0448-20130528|25378.p1				
MMETSP0448-20130528|25546.p2				
MMETSP0448-20130528|25574.p2				
MMETSP0448-20130528|25756.p1				
MMETSP0448-20130528|26162.p1				
MMETSP0448-20130528|26721.p1				
MMETSP0448-20130528|26858.p2				
MMETSP0448-20130528|26994.p1				
MMETSP0448-20130528|27732.p1				
MMETSP0448-20130528|27933.p1				
MMETSP0448-20130528|29109.p1				
MMETSP0448-20130528|51517.p1				
MMETSP0448-20130528|51724.p1				
MMETSP0448-20130528|51769.p2				
MMETSP0448-20130528|51851.p1				
MMETSP0448-20130528|52019.p1				
MMETSP0448-20130528|52643.p1				
MMETSP0448-20130528|5355.p1				
MMETSP0448-20130528|58319.p1				
MMETSP0448-20130528|60479.p1				
MMETSP0448-20130528|6223.p3				
MMETSP0448-20130528|6569.p1				
MMETSP0448-20130528|67144.p1				
MMETSP0448-20130528|7005.p1				
MMETSP0448-20130528|70509.p1				
MMETSP0448-20130528|72936.p1				
MMETSP0448-20130528|7810.p1				
MMETSP0448-20130528|81837.p1				
MMETSP0448-20130528|8195.p1				
MMETSP0448-20130528|8220.p1				
MMETSP0448-20130528|8445.p1				
MMETSP0448-20130528|8512.p1				
MMETSP0448-20130528|87346.p1				
MMETSP0448-20130528|9207.p1				
MMETSP0448-20130528|9270.p1				
MMETSP0448-20130528|93953.p2				
MMETSP0448-20130528|9554.p1				
XP_004024413.1				
XP_004024417.1				
XP_004027227.1				
XP_004027239.1				
XP_004027326.1				
XP_004027476.1				
XP_004027539.1				
XP_004029778.1				
XP_004029957.1				
XP_004030020.1				
XP_004030361.1				
XP_004030384.1				
XP_004030434.1				
XP_004030532.1				
XP_004030895.1				
XP_004030986.1				
XP_004031061.1				
XP_004031353.1				
XP_004031983.1				
XP_004032103.1				
XP_004032154.1				
XP_004032228.1				
XP_004032254.1				
XP_004034477.1				
XP_004034632.1				
XP_004034708.1				
XP_004034709.1				
XP_004035162.1				
XP_004035330.1				
XP_004035516.1				
XP_004035529.1				
XP_004035646.1				
XP_004035845.1				
XP_004036735.1				
XP_004037054.1				
XP_004037317.1				
XP_004037604.1				
XP_004039052.1				
XP_004040003.1				
MMETSP0027-20121228|10005.p1				
MMETSP0027-20121228|100453.p1				
MMETSP0027-20121228|10779.p1				
MMETSP0027-20121228|10910.p1				
MMETSP0027-20121228|11338.p1				
MMETSP0027-20121228|12242.p1				
MMETSP0027-20121228|123734.p1				
MMETSP0027-20121228|12426.p1				
MMETSP0027-20121228|12778.p1				
MMETSP0027-20121228|130558.p1				
MMETSP0027-20121228|163741.p1				
MMETSP0027-20121228|177070.p1				
MMETSP0027-20121228|178078.p2				
MMETSP0027-20121228|178837.p1				
MMETSP0027-20121228|180555.p1				
MMETSP0027-20121228|183002.p1				
MMETSP0027-20121228|19119.p1				
MMETSP0027-20121228|19871.p1				
MMETSP0027-20121228|199239.p1				
MMETSP0027-20121228|204792.p1				
MMETSP0027-20121228|205399.p1				
MMETSP0027-20121228|209431.p1				
MMETSP0027-20121228|209640.p1				
MMETSP0027-20121228|209952.p1				
MMETSP0027-20121228|210209.p1				
MMETSP0027-20121228|210449.p1				
MMETSP0027-20121228|210528.p1				
MMETSP0027-20121228|210736.p1				
MMETSP0027-20121228|210761.p2				
MMETSP0027-20121228|211002.p1				
MMETSP0027-20121228|211513.p1				
MMETSP0027-20121228|211940.p1				
MMETSP0027-20121228|212065.p1				
MMETSP0027-20121228|212157.p1				
MMETSP0027-20121228|212428.p1				
MMETSP0027-20121228|212780.p4				
MMETSP0027-20121228|213536.p1				
MMETSP0027-20121228|213536.p2				
MMETSP0027-20121228|213688.p1				
MMETSP0027-20121228|213730.p1				
MMETSP0027-20121228|213875.p1				
MMETSP0027-20121228|214519.p3				
MMETSP0027-20121228|214831.p1				
MMETSP0027-20121228|214884.p1				
MMETSP0027-20121228|215040.p1				
MMETSP0027-20121228|215260.p1				
MMETSP0027-20121228|215301.p1				
MMETSP0027-20121228|215622.p1				
MMETSP0027-20121228|215696.p2				
MMETSP0027-20121228|216162.p1				
MMETSP0027-20121228|216319.p1				
MMETSP0027-20121228|216350.p1				
MMETSP0027-20121228|216408.p1				
MMETSP0027-20121228|217288.p3				
MMETSP0027-20121228|217518.p1				
MMETSP0027-20121228|219426.p1				
MMETSP0027-20121228|21961.p1				
MMETSP0027-20121228|220192.p1				
MMETSP0027-20121228|220565.p1				
MMETSP0027-20121228|220662.p1				
MMETSP0027-20121228|22132.p1				
MMETSP0027-20121228|22522.p1				
MMETSP0027-20121228|22643.p1				
MMETSP0027-20121228|22756.p1				
MMETSP0027-20121228|23303.p1				
MMETSP0027-20121228|24657.p1				
MMETSP0027-20121228|24767.p1				
MMETSP0027-20121228|3310.p1				
MMETSP0027-20121228|4541.p1				
MMETSP0027-20121228|48517.p1				
MMETSP0027-20121228|48974.p1				
MMETSP0027-20121228|48985.p1				
MMETSP0027-20121228|5150.p1				
MMETSP0027-20121228|5372.p1				
MMETSP0027-20121228|55430.p1				
MMETSP0027-20121228|5909.p1				
MMETSP0027-20121228|60121.p1				
MMETSP0027-20121228|6017.p1				
MMETSP0027-20121228|60761.p1				
MMETSP0027-20121228|67016.p1				
MMETSP0027-20121228|83309.p1				
MMETSP0027-20121228|8436.p1				
MMETSP0027-20121228|8679.p1				
MMETSP0027-20121228|9132.p1				
MMETSP0027-20121228|9483.p1				
MMETSP0027-20121228|9501.p1				
MMETSP0027-20121228|96467.p1				
MMETSP0029-20121228|10949.p1				
MMETSP0029-20121228|124475.p1				
MMETSP0029-20121228|12555.p1				
MMETSP0029-20121228|130636.p1				
MMETSP0029-20121228|148058.p1				
MMETSP0029-20121228|148465.p1				
MMETSP0029-20121228|152782.p1				
MMETSP0029-20121228|159555.p1				
MMETSP0029-20121228|159723.p1				
MMETSP0029-20121228|161907.p1				
MMETSP0029-20121228|162456.p2				
MMETSP0029-20121228|17013.p1				
MMETSP0029-20121228|171823.p1				
MMETSP0029-20121228|175210.p1				
MMETSP0029-20121228|182721.p1				
MMETSP0029-20121228|187696.p1				
MMETSP0029-20121228|192317.p1				
MMETSP0029-20121228|193177.p1				
MMETSP0029-20121228|19741.p1				
MMETSP0029-20121228|204393.p1				
MMETSP0029-20121228|208005.p1				
MMETSP0029-20121228|208181.p1				
MMETSP0029-20121228|208989.p1				
MMETSP0029-20121228|209241.p1				
MMETSP0029-20121228|209486.p1				
MMETSP0029-20121228|209612.p2				
MMETSP0029-20121228|209782.p2				
MMETSP0029-20121228|210672.p1				
MMETSP0029-20121228|21140.p1				
MMETSP0029-20121228|211438.p1				
MMETSP0029-20121228|211698.p1				
MMETSP0029-20121228|212315.p1				
MMETSP0029-20121228|212813.p1				
MMETSP0029-20121228|212867.p2				
MMETSP0029-20121228|213364.p1				
MMETSP0029-20121228|213975.p1				
MMETSP0029-20121228|215673.p1				
MMETSP0029-20121228|215806.p1				
MMETSP0029-20121228|216191.p1				
MMETSP0029-20121228|216602.p2				
MMETSP0029-20121228|217544.p1				
MMETSP0029-20121228|217583.p1				
MMETSP0029-20121228|217723.p1				
MMETSP0029-20121228|218625.p1				
MMETSP0029-20121228|22703.p1				
MMETSP0029-20121228|2520.p1				
MMETSP0029-20121228|5682.p1				
MMETSP0029-20121228|59199.p1				
MMETSP0029-20121228|6048.p1				
MMETSP0029-20121228|6194.p1				
MMETSP0029-20121228|7441.p1				
MMETSP0029-20121228|8068.p1				
MMETSP0029-20121228|81242.p1				
MMETSP0029-20121228|81978.p1				
MMETSP0029-20121228|8268.p1				
MMETSP0029-20121228|9675.p1				
MMETSP0029-20121228|9890.p1				
MMETSP0030-20121228|100361.p1				
MMETSP0030-20121228|10784.p1				
MMETSP0030-20121228|12007.p1				
MMETSP0030-20121228|12567.p1				
MMETSP0030-20121228|12718.p1				
MMETSP0030-20121228|148702.p1				
MMETSP0030-20121228|156167.p1				
MMETSP0030-20121228|15942.p1				
MMETSP0030-20121228|160193.p1				
MMETSP0030-20121228|167217.p1				
MMETSP0030-20121228|170539.p1				
MMETSP0030-20121228|17069.p1				
MMETSP0030-20121228|174488.p1				
MMETSP0030-20121228|17645.p1				
MMETSP0030-20121228|181134.p1				
MMETSP0030-20121228|182690.p1				
MMETSP0030-20121228|186234.p1				
MMETSP0030-20121228|18628.p1				
MMETSP0030-20121228|187423.p1				
MMETSP0030-20121228|19004.p1				
MMETSP0030-20121228|192422.p1				
MMETSP0030-20121228|194190.p1				
MMETSP0030-20121228|201943.p1				
MMETSP0030-20121228|204493.p1				
MMETSP0030-20121228|208048.p1				
MMETSP0030-20121228|211896.p1				
MMETSP0030-20121228|212372.p1				
MMETSP0030-20121228|212773.p1				
MMETSP0030-20121228|213482.p1				
MMETSP0030-20121228|213868.p2				
MMETSP0030-20121228|213879.p1				
MMETSP0030-20121228|214250.p1				
MMETSP0030-20121228|214324.p1				
MMETSP0030-20121228|214614.p2				
MMETSP0030-20121228|215105.p1				
MMETSP0030-20121228|215215.p1				
MMETSP0030-20121228|215232.p1				
MMETSP0030-20121228|215634.p1				
MMETSP0030-20121228|216018.p1				
MMETSP0030-20121228|216077.p1				
MMETSP0030-20121228|216190.p1				
MMETSP0030-20121228|216756.p1				
MMETSP0030-20121228|216756.p2				
MMETSP0030-20121228|216930.p1				
MMETSP0030-20121228|217013.p1				
MMETSP0030-20121228|217313.p1				
MMETSP0030-20121228|217416.p1				
MMETSP0030-20121228|218805.p1				
MMETSP0030-20121228|219156.p1				
MMETSP0030-20121228|219940.p1				
MMETSP0030-20121228|220046.p1				
MMETSP0030-20121228|221131.p2				
MMETSP0030-20121228|221415.p1				
MMETSP0030-20121228|221877.p1				
MMETSP0030-20121228|222083.p1				
MMETSP0030-20121228|22259.p1				
MMETSP0030-20121228|22698.p1				
MMETSP0030-20121228|23878.p1				
MMETSP0030-20121228|25393.p1				
MMETSP0030-20121228|25734.p1				
MMETSP0030-20121228|3349.p1				
MMETSP0030-20121228|4144.p1				
MMETSP0030-20121228|4913.p1				
MMETSP0030-20121228|65883.p1				
MMETSP0031-20130131|10976.p1				
MMETSP0031-20130131|11833.p1				
MMETSP0031-20130131|138601.p1				
MMETSP0031-20130131|154178.p1				
MMETSP0031-20130131|158715.p1				
MMETSP0031-20130131|16147.p1				
MMETSP0031-20130131|187714.p1				
MMETSP0031-20130131|194091.p1				
MMETSP0031-20130131|202491.p2				
MMETSP0031-20130131|202990.p2				
MMETSP0031-20130131|203305.p1				
MMETSP0031-20130131|203641.p1				
MMETSP0031-20130131|203732.p1				
MMETSP0031-20130131|204006.p1				
MMETSP0031-20130131|204833.p1				
MMETSP0031-20130131|204846.p2				
MMETSP0031-20130131|205012.p2				
MMETSP0031-20130131|205492.p1				
MMETSP0031-20130131|205709.p1				
MMETSP0031-20130131|205800.p1				
MMETSP0031-20130131|205985.p2				
MMETSP0031-20130131|206023.p1				
MMETSP0031-20130131|207192.p1				
MMETSP0031-20130131|207337.p1				
MMETSP0031-20130131|208580.p1				
MMETSP0031-20130131|208580.p4				
MMETSP0031-20130131|208811.p1				
MMETSP0031-20130131|209110.p1				
MMETSP0031-20130131|210056.p1				
MMETSP0031-20130131|210501.p2				
MMETSP0031-20130131|211818.p1				
MMETSP0031-20130131|212095.p1				
MMETSP0031-20130131|23904.p1				
MMETSP0031-20130131|25619.p1				
MMETSP0031-20130131|2604.p1				
MMETSP0031-20130131|46491.p1				
MMETSP0031-20130131|51512.p1				
MMETSP0031-20130131|5320.p1				
MMETSP0031-20130131|5495.p1				
MMETSP0031-20130131|57615.p1				
MMETSP0031-20130131|6318.p1				
MMETSP0031-20130131|68678.p1				
MMETSP0031-20130131|6923.p1				
MMETSP0031-20130131|89559.p1				
MMETSP1015-20121227|10257.p1				
MMETSP1015-20121227|11057.p1				
MMETSP1015-20121227|11575.p1				
MMETSP1015-20121227|12073.p1				
MMETSP1015-20121227|12180.p1				
MMETSP1015-20121227|13076.p1				
MMETSP1015-20121227|13123.p1				
MMETSP1015-20121227|13353.p1				
MMETSP1015-20121227|13536.p1				
MMETSP1015-20121227|13614.p1				
MMETSP1015-20121227|13727.p1				
MMETSP1015-20121227|14085.p1				
MMETSP1015-20121227|14768.p1				
MMETSP1015-20121227|16111.p1				
MMETSP1015-20121227|16878.p1				
MMETSP1015-20121227|18932.p1				
MMETSP1015-20121227|18964.p1				
MMETSP1015-20121227|19002.p1				
MMETSP1015-20121227|19440.p1				
MMETSP1015-20121227|19522.p1				
MMETSP1015-20121227|21025.p1				
MMETSP1015-20121227|21289.p1				
MMETSP1015-20121227|2204.p1				
MMETSP1015-20121227|22084.p1				
MMETSP1015-20121227|22592.p1				
MMETSP1015-20121227|22980.p1				
MMETSP1015-20121227|23213.p1				
MMETSP1015-20121227|23678.p1				
MMETSP1015-20121227|2416.p1				
MMETSP1015-20121227|24512.p1				
MMETSP1015-20121227|24559.p1				
MMETSP1015-20121227|2485.p1				
MMETSP1015-20121227|25285.p1				
MMETSP1015-20121227|25544.p1				
MMETSP1015-20121227|25576.p1				
MMETSP1015-20121227|25914.p1				
MMETSP1015-20121227|26258.p1				
MMETSP1015-20121227|27431.p1				
MMETSP1015-20121227|28188.p1				
MMETSP1015-20121227|28422.p1				
MMETSP1015-20121227|28512.p1				
MMETSP1015-20121227|28618.p1				
MMETSP1015-20121227|29362.p1				
MMETSP1015-20121227|30122.p1				
MMETSP1015-20121227|30147.p1				
MMETSP1015-20121227|30367.p1				
MMETSP1015-20121227|31702.p1				
MMETSP1015-20121227|32137.p1				
MMETSP1015-20121227|32238.p1				
MMETSP1015-20121227|32576.p1				
MMETSP1015-20121227|32792.p2				
MMETSP1015-20121227|33004.p1				
MMETSP1015-20121227|33494.p1				
MMETSP1015-20121227|33751.p1				
MMETSP1015-20121227|34348.p1				
MMETSP1015-20121227|34368.p1				
MMETSP1015-20121227|36362.p1				
MMETSP1015-20121227|37088.p1				
MMETSP1015-20121227|37194.p1				
MMETSP1015-20121227|38041.p1				
MMETSP1015-20121227|4001.p1				
MMETSP1015-20121227|41086.p1				
MMETSP1015-20121227|41449.p1				
MMETSP1015-20121227|41997.p1				
MMETSP1015-20121227|43261.p1				
MMETSP1015-20121227|45705.p1				
MMETSP1015-20121227|45727.p1				
MMETSP1015-20121227|45923.p1				
MMETSP1015-20121227|46856.p1				
MMETSP1015-20121227|4747.p1				
MMETSP1015-20121227|4883.p1				
MMETSP1015-20121227|50011.p1				
MMETSP1015-20121227|51566.p2				
MMETSP1015-20121227|5322.p1				
MMETSP1015-20121227|5454.p1				
MMETSP1015-20121227|56488.p1				
MMETSP1015-20121227|56565.p1				
MMETSP1015-20121227|56947.p1				
MMETSP1015-20121227|58489.p3				
MMETSP1015-20121227|60284.p3				
MMETSP1015-20121227|60454.p1				
MMETSP1015-20121227|60744.p2				
MMETSP1015-20121227|6168.p1				
MMETSP1015-20121227|62519.p1				
MMETSP1015-20121227|63624.p1				
MMETSP1015-20121227|63883.p1				
MMETSP1015-20121227|65561.p1				
MMETSP1015-20121227|65602.p1				
MMETSP1015-20121227|65798.p2				
MMETSP1015-20121227|65851.p1				
MMETSP1015-20121227|66459.p1				
MMETSP1015-20121227|67513.p2				
MMETSP1015-20121227|8283.p1				
MMETSP1015-20121227|8883.p1				
MMETSP1015-20121227|8983.p1				
MMETSP1015-20121227|938.p1				
MMETSP1015-20121227|9409.p1				
MMETSP1015-20121227|9410.p1				
MMETSP1015-20121227|9882.p2				
MMETSP1016-20121227|10478.p1				
MMETSP1016-20121227|10920.p1				
MMETSP1016-20121227|11457.p1				
MMETSP1016-20121227|11478.p2				
MMETSP1016-20121227|12859.p1				
MMETSP1016-20121227|13212.p1				
MMETSP1016-20121227|13320.p1				
MMETSP1016-20121227|13384.p1				
MMETSP1016-20121227|13726.p1				
MMETSP1016-20121227|16113.p1				
MMETSP1016-20121227|16229.p1				
MMETSP1016-20121227|17219.p1				
MMETSP1016-20121227|1774.p1				
MMETSP1016-20121227|1924.p1				
MMETSP1016-20121227|20246.p1				
MMETSP1016-20121227|20934.p1				
MMETSP1016-20121227|21250.p1				
MMETSP1016-20121227|22919.p1				
MMETSP1016-20121227|23262.p1				
MMETSP1016-20121227|23407.p1				
MMETSP1016-20121227|23713.p1				
MMETSP1016-20121227|24264.p1				
MMETSP1016-20121227|24408.p1				
MMETSP1016-20121227|26101.p1				
MMETSP1016-20121227|26131.p1				
MMETSP1016-20121227|28314.p1				
MMETSP1016-20121227|28522.p1				
MMETSP1016-20121227|28942.p1				
MMETSP1016-20121227|30856.p1				
MMETSP1016-20121227|33798.p1				
MMETSP1016-20121227|34813.p1				
MMETSP1016-20121227|35469.p1				
MMETSP1016-20121227|36423.p1				
MMETSP1016-20121227|36739.p1				
MMETSP1016-20121227|378.p2				
MMETSP1016-20121227|4075.p1				
MMETSP1016-20121227|41341.p1				
MMETSP1016-20121227|44787.p1				
MMETSP1016-20121227|45599.p1				
MMETSP1016-20121227|46635.p2				
MMETSP1016-20121227|47745.p1				
MMETSP1016-20121227|48850.p1				
MMETSP1016-20121227|492.p1				
MMETSP1016-20121227|50081.p1				
MMETSP1016-20121227|50213.p1				
MMETSP1016-20121227|53519.p1				
MMETSP1016-20121227|55780.p1				
MMETSP1016-20121227|57495.p1				
MMETSP1016-20121227|59374.p2				
MMETSP1016-20121227|59504.p1				
MMETSP1016-20121227|5978.p1				
MMETSP1016-20121227|60303.p1				
MMETSP1016-20121227|60768.p1				
MMETSP1016-20121227|65038.p1				
MMETSP1016-20121227|65078.p1				
MMETSP1016-20121227|68840.p3				
MMETSP1016-20121227|7135.p1				
MMETSP1016-20121227|7793.p1				
MMETSP1016-20121227|9391.p1				
MMETSP1017-20121227|10061.p2				
MMETSP1017-20121227|10402.p1				
MMETSP1017-20121227|11155.p1				
MMETSP1017-20121227|11294.p2				
MMETSP1017-20121227|11763.p2				
MMETSP1017-20121227|11886.p1				
MMETSP1017-20121227|16941.p1				
MMETSP1017-20121227|19143.p1				
MMETSP1017-20121227|19918.p2				
MMETSP1017-20121227|21418.p1				
MMETSP1017-20121227|21426.p1				
MMETSP1017-20121227|21998.p1				
MMETSP1017-20121227|25800.p1				
MMETSP1017-20121227|28105.p1				
MMETSP1017-20121227|28800.p1				
MMETSP1017-20121227|29824.p2				
MMETSP1017-20121227|3122.p1				
MMETSP1017-20121227|33514.p1				
MMETSP1017-20121227|33646.p1				
MMETSP1017-20121227|34502.p1				
MMETSP1017-20121227|35251.p1				
MMETSP1017-20121227|35401.p1				
MMETSP1017-20121227|35914.p1				
MMETSP1017-20121227|36386.p1				
MMETSP1017-20121227|3649.p1				
MMETSP1017-20121227|3662.p2				
MMETSP1017-20121227|37647.p2				
MMETSP1017-20121227|38826.p2				
MMETSP1017-20121227|39549.p1				
MMETSP1017-20121227|4245.p1				
MMETSP1017-20121227|46059.p1				
MMETSP1017-20121227|48412.p1				
MMETSP1017-20121227|492.p1				
MMETSP1017-20121227|50231.p1				
MMETSP1017-20121227|50580.p1				
MMETSP1017-20121227|52332.p1				
MMETSP1017-20121227|53753.p1				
MMETSP1017-20121227|5380.p1				
MMETSP1017-20121227|56380.p1				
MMETSP1017-20121227|57826.p1				
MMETSP1017-20121227|5837.p1				
MMETSP1017-20121227|58954.p1				
MMETSP1017-20121227|59261.p1				
MMETSP1017-20121227|59445.p1				
MMETSP1017-20121227|60022.p1				
MMETSP1017-20121227|60024.p1				
MMETSP1017-20121227|60200.p1				
MMETSP1017-20121227|63292.p1				
MMETSP1017-20121227|63430.p1				
MMETSP1017-20121227|63731.p3				
MMETSP1017-20121227|63881.p1				
MMETSP1017-20121227|64722.p1				
MMETSP1017-20121227|64996.p2				
MMETSP1017-20121227|65514.p1				
MMETSP1017-20121227|6555.p1				
MMETSP1017-20121227|66036.p1				
MMETSP1017-20121227|67081.p1				
MMETSP1017-20121227|67389.p1				
MMETSP1017-20121227|7910.p2				
MMETSP1017-20121227|8271.p1				
MMETSP0120-20121206|10175.p1				
MMETSP0120-20121206|10346.p1				
MMETSP0120-20121206|1056.p1				
MMETSP0120-20121206|106.p1				
MMETSP0120-20121206|11655.p1				
MMETSP0120-20121206|1182.p1				
MMETSP0120-20121206|11901.p1				
MMETSP0120-20121206|12000.p2				
MMETSP0120-20121206|12191.p2				
MMETSP0120-20121206|12278.p1				
MMETSP0120-20121206|12353.p1				
MMETSP0120-20121206|12405.p1				
MMETSP0120-20121206|12875.p1				
MMETSP0120-20121206|12924.p1				
MMETSP0120-20121206|12959.p1				
MMETSP0120-20121206|13125.p1				
MMETSP0120-20121206|13342.p1				
MMETSP0120-20121206|1402.p1				
MMETSP0120-20121206|14051.p1				
MMETSP0120-20121206|14275.p1				
MMETSP0120-20121206|16.p1				
MMETSP0120-20121206|16059.p1				
MMETSP0120-20121206|17015.p1				
MMETSP0120-20121206|1728.p2				
MMETSP0120-20121206|18205.p1				
MMETSP0120-20121206|18670.p1				
MMETSP0120-20121206|18769.p2				
MMETSP0120-20121206|1902.p1				
MMETSP0120-20121206|19118.p1				
MMETSP0120-20121206|19220.p1				
MMETSP0120-20121206|19295.p1				
MMETSP0120-20121206|19583.p1				
MMETSP0120-20121206|19641.p1				
MMETSP0120-20121206|19667.p1				
MMETSP0120-20121206|1990.p1				
MMETSP0120-20121206|20182.p1				
MMETSP0120-20121206|20380.p1				
MMETSP0120-20121206|20617.p1				
MMETSP0120-20121206|2083.p6				
MMETSP0120-20121206|21030.p1				
MMETSP0120-20121206|21244.p1				
MMETSP0120-20121206|21311.p1				
MMETSP0120-20121206|21424.p1				
MMETSP0120-20121206|2168.p1				
MMETSP0120-20121206|21701.p1				
MMETSP0120-20121206|21704.p1				
MMETSP0120-20121206|22263.p1				
MMETSP0120-20121206|22412.p1				
MMETSP0120-20121206|22457.p1				
MMETSP0120-20121206|22630.p1				
MMETSP0120-20121206|22718.p1				
MMETSP0120-20121206|2321.p1				
MMETSP0120-20121206|23698.p1				
MMETSP0120-20121206|23953.p1				
MMETSP0120-20121206|24150.p1				
MMETSP0120-20121206|24171.p1				
MMETSP0120-20121206|24253.p1				
MMETSP0120-20121206|2448.p1				
MMETSP0120-20121206|24741.p1				
MMETSP0120-20121206|25342.p1				
MMETSP0120-20121206|25560.p1				
MMETSP0120-20121206|25686.p1				
MMETSP0120-20121206|25881.p1				
MMETSP0120-20121206|25905.p1				
MMETSP0120-20121206|26169.p1				
MMETSP0120-20121206|26669.p1				
MMETSP0120-20121206|26888.p1				
MMETSP0120-20121206|26905.p1				
MMETSP0120-20121206|26929.p2				
MMETSP0120-20121206|27031.p1				
MMETSP0120-20121206|27561.p1				
MMETSP0120-20121206|27871.p1				
MMETSP0120-20121206|28187.p1				
MMETSP0120-20121206|29191.p1				
MMETSP0120-20121206|29281.p1				
MMETSP0120-20121206|29474.p1				
MMETSP0120-20121206|29932.p1				
MMETSP0120-20121206|31126.p1				
MMETSP0120-20121206|31738.p1				
MMETSP0120-20121206|31828.p2				
MMETSP0120-20121206|32437.p1				
MMETSP0120-20121206|32583.p1				
MMETSP0120-20121206|32747.p1				
MMETSP0120-20121206|33916.p1				
MMETSP0120-20121206|34041.p1				
MMETSP0120-20121206|34114.p3				
MMETSP0120-20121206|34447.p1				
MMETSP0120-20121206|34684.p1				
MMETSP0120-20121206|35007.p1				
MMETSP0120-20121206|35355.p1				
MMETSP0120-20121206|35525.p1				
MMETSP0120-20121206|35845.p1				
MMETSP0120-20121206|36333.p1				
MMETSP0120-20121206|36957.p1				
MMETSP0120-20121206|37062.p1				
MMETSP0120-20121206|38100.p1				
MMETSP0120-20121206|38489.p1				
MMETSP0120-20121206|38505.p1				
MMETSP0120-20121206|38776.p1				
MMETSP0120-20121206|40667.p1				
MMETSP0120-20121206|40750.p1				
MMETSP0120-20121206|40827.p2				
MMETSP0120-20121206|40977.p1				
MMETSP0120-20121206|41080.p1				
MMETSP0120-20121206|41821.p1				
MMETSP0120-20121206|41821.p3				
MMETSP0120-20121206|4240.p1				
MMETSP0120-20121206|42662.p1				
MMETSP0120-20121206|43301.p1				
MMETSP0120-20121206|4342.p1				
MMETSP0120-20121206|44513.p1				
MMETSP0120-20121206|44602.p1				
MMETSP0120-20121206|44878.p1				
MMETSP0120-20121206|45985.p1				
MMETSP0120-20121206|46109.p1				
MMETSP0120-20121206|46293.p1				
MMETSP0120-20121206|4751.p1				
MMETSP0120-20121206|48576.p1				
MMETSP0120-20121206|49323.p1				
MMETSP0120-20121206|49599.p1				
MMETSP0120-20121206|50433.p1				
MMETSP0120-20121206|50672.p2				
MMETSP0120-20121206|50894.p1				
MMETSP0120-20121206|52190.p2				
MMETSP0120-20121206|52190.p3				
MMETSP0120-20121206|52190.p4				
MMETSP0120-20121206|5290.p1				
MMETSP0120-20121206|53526.p1				
MMETSP0120-20121206|53632.p1				
MMETSP0120-20121206|54191.p1				
MMETSP0120-20121206|5444.p1				
MMETSP0120-20121206|54842.p1				
MMETSP0120-20121206|55006.p1				
MMETSP0120-20121206|55024.p1				
MMETSP0120-20121206|55095.p1				
MMETSP0120-20121206|55608.p2				
MMETSP0120-20121206|55818.p1				
MMETSP0120-20121206|56144.p2				
MMETSP0120-20121206|56759.p1				
MMETSP0120-20121206|57539.p1				
MMETSP0120-20121206|57728.p1				
MMETSP0120-20121206|58052.p1				
MMETSP0120-20121206|58081.p1				
MMETSP0120-20121206|58787.p1				
MMETSP0120-20121206|60278.p1				
MMETSP0120-20121206|60463.p1				
MMETSP0120-20121206|60488.p1				
MMETSP0120-20121206|60601.p1				
MMETSP0120-20121206|61203.p1				
MMETSP0120-20121206|61497.p2				
MMETSP0120-20121206|63817.p1				
MMETSP0120-20121206|66310.p1				
MMETSP0120-20121206|68218.p1				
MMETSP0120-20121206|68559.p3				
MMETSP0120-20121206|70250.p2				
MMETSP0120-20121206|7072.p1				
MMETSP0120-20121206|70764.p1				
MMETSP0120-20121206|73285.p1				
MMETSP0120-20121206|73440.p1				
MMETSP0120-20121206|74397.p1				
MMETSP0120-20121206|75805.p1				
MMETSP0120-20121206|76268.p1				
MMETSP0120-20121206|78896.p1				
MMETSP0120-20121206|79867.p1				
MMETSP0120-20121206|81035.p1				
MMETSP0120-20121206|8182.p1				
MMETSP0120-20121206|82793.p3				
MMETSP0120-20121206|8288.p1				
MMETSP0120-20121206|82973.p1				
MMETSP0120-20121206|83897.p1				
MMETSP0120-20121206|84172.p5				
MMETSP0120-20121206|84775.p1				
MMETSP0120-20121206|87277.p1				
MMETSP0120-20121206|9330.p1				
MMETSP0120-20121206|93527.p1				
MMETSP0120-20121206|9521.p1				
MMETSP0120-20121206|9859.p1				
MMETSP0120-20121206|9961.p1				
MMETSP0121-20121125|10043.p1				
MMETSP0121-20121125|10660.p1				
MMETSP0121-20121125|10882.p1				
MMETSP0121-20121125|11008.p2				
MMETSP0121-20121125|11199.p1				
MMETSP0121-20121125|11204.p1				
MMETSP0121-20121125|11724.p1				
MMETSP0121-20121125|11996.p1				
MMETSP0121-20121125|12515.p1				
MMETSP0121-20121125|12835.p1				
MMETSP0121-20121125|12972.p1				
MMETSP0121-20121125|13338.p1				
MMETSP0121-20121125|13412.p1				
MMETSP0121-20121125|13759.p2				
MMETSP0121-20121125|14013.p1				
MMETSP0121-20121125|14160.p1				
MMETSP0121-20121125|14226.p1				
MMETSP0121-20121125|14287.p1				
MMETSP0121-20121125|14411.p1				
MMETSP0121-20121125|14591.p1				
MMETSP0121-20121125|15498.p1				
MMETSP0121-20121125|15916.p1				
MMETSP0121-20121125|16455.p1				
MMETSP0121-20121125|17349.p1				
MMETSP0121-20121125|17592.p1				
MMETSP0121-20121125|17872.p1				
MMETSP0121-20121125|17948.p2				
MMETSP0121-20121125|18025.p1				
MMETSP0121-20121125|18188.p1				
MMETSP0121-20121125|18797.p1				
MMETSP0121-20121125|19095.p1				
MMETSP0121-20121125|20531.p1				
MMETSP0121-20121125|22252.p1				
MMETSP0121-20121125|22351.p1				
MMETSP0121-20121125|22482.p1				
MMETSP0121-20121125|23254.p1				
MMETSP0121-20121125|23423.p1				
MMETSP0121-20121125|23714.p1				
MMETSP0121-20121125|24756.p1				
MMETSP0121-20121125|25540.p2				
MMETSP0121-20121125|26493.p1				
MMETSP0121-20121125|26981.p1				
MMETSP0121-20121125|27639.p1				
MMETSP0121-20121125|27673.p1				
MMETSP0121-20121125|28346.p2				
MMETSP0121-20121125|30227.p2				
MMETSP0121-20121125|30819.p1				
MMETSP0121-20121125|3093.p1				
MMETSP0121-20121125|31812.p1				
MMETSP0121-20121125|33093.p2				
MMETSP0121-20121125|33320.p1				
MMETSP0121-20121125|33920.p1				
MMETSP0121-20121125|35515.p1				
MMETSP0121-20121125|35638.p1				
MMETSP0121-20121125|35933.p1				
MMETSP0121-20121125|36515.p1				
MMETSP0121-20121125|36707.p2				
MMETSP0121-20121125|36905.p2				
MMETSP0121-20121125|37539.p1				
MMETSP0121-20121125|3756.p1				
MMETSP0121-20121125|38403.p1				
MMETSP0121-20121125|38824.p1				
MMETSP0121-20121125|38836.p1				
MMETSP0121-20121125|39308.p1				
MMETSP0121-20121125|40696.p1				
MMETSP0121-20121125|40917.p2				
MMETSP0121-20121125|42194.p1				
MMETSP0121-20121125|42996.p1				
MMETSP0121-20121125|44217.p1				
MMETSP0121-20121125|44265.p1				
MMETSP0121-20121125|44653.p1				
MMETSP0121-20121125|45465.p2				
MMETSP0121-20121125|46232.p1				
MMETSP0121-20121125|46455.p1				
MMETSP0121-20121125|47109.p1				
MMETSP0121-20121125|47317.p1				
MMETSP0121-20121125|49561.p1				
MMETSP0121-20121125|50166.p3				
MMETSP0121-20121125|50205.p2				
MMETSP0121-20121125|51067.p1				
MMETSP0121-20121125|51816.p1				
MMETSP0121-20121125|53913.p1				
MMETSP0121-20121125|54037.p1				
MMETSP0121-20121125|5489.p1				
MMETSP0121-20121125|5587.p1				
MMETSP0121-20121125|55878.p1				
MMETSP0121-20121125|57272.p3				
MMETSP0121-20121125|57730.p1				
MMETSP0121-20121125|5965.p2				
MMETSP0121-20121125|60683.p1				
MMETSP0121-20121125|61695.p2				
MMETSP0121-20121125|6518.p1				
MMETSP0121-20121125|66476.p1				
MMETSP0121-20121125|6695.p1				
MMETSP0121-20121125|67095.p1				
MMETSP0121-20121125|67580.p4				
MMETSP0121-20121125|68279.p1				
MMETSP0121-20121125|68472.p3				
MMETSP0121-20121125|68541.p1				
MMETSP0121-20121125|69544.p1				
MMETSP0121-20121125|69650.p2				
MMETSP0121-20121125|70391.p1				
MMETSP0121-20121125|71612.p1				
MMETSP0121-20121125|72112.p1				
MMETSP0121-20121125|73792.p1				
MMETSP0121-20121125|73799.p1				
MMETSP0121-20121125|7554.p2				
MMETSP0121-20121125|7680.p2				
MMETSP0121-20121125|77227.p2				
MMETSP0121-20121125|77454.p2				
MMETSP0121-20121125|77460.p3				
MMETSP0121-20121125|8246.p1				
MMETSP0121-20121125|9163.p1				
MMETSP0121-20121125|948.p1				
MMETSP0121-20121125|9808.p1				
MMETSP1032-20121206|1020.p3				
MMETSP1032-20121206|10353.p2				
MMETSP1032-20121206|10417.p1				
MMETSP1032-20121206|10794.p1				
MMETSP1032-20121206|11040.p1				
MMETSP1032-20121206|11234.p2				
MMETSP1032-20121206|11289.p1				
MMETSP1032-20121206|11784.p3				
MMETSP1032-20121206|12912.p1				
MMETSP1032-20121206|13803.p1				
MMETSP1032-20121206|14978.p1				
MMETSP1032-20121206|14987.p1				
MMETSP1032-20121206|17730.p1				
MMETSP1032-20121206|19046.p1				
MMETSP1032-20121206|20063.p2				
MMETSP1032-20121206|20991.p1				
MMETSP1032-20121206|21039.p2				
MMETSP1032-20121206|22955.p1				
MMETSP1032-20121206|24596.p1				
MMETSP1032-20121206|24836.p1				
MMETSP1032-20121206|25816.p2				
MMETSP1032-20121206|26257.p1				
MMETSP1032-20121206|26320.p1				
MMETSP1032-20121206|26478.p2				
MMETSP1032-20121206|28221.p1				
MMETSP1032-20121206|28928.p2				
MMETSP1032-20121206|31234.p1				
MMETSP1032-20121206|31323.p1				
MMETSP1032-20121206|32453.p2				
MMETSP1032-20121206|36591.p1				
MMETSP1032-20121206|37048.p1				
MMETSP1032-20121206|3808.p1				
MMETSP1032-20121206|38509.p1				
MMETSP1032-20121206|3853.p1				
MMETSP1032-20121206|38697.p2				
MMETSP1032-20121206|38743.p1				
MMETSP1032-20121206|39361.p1				
MMETSP1032-20121206|39957.p2				
MMETSP1032-20121206|41569.p1				
MMETSP1032-20121206|41761.p1				
MMETSP1032-20121206|44076.p2				
MMETSP1032-20121206|44795.p1				
MMETSP1032-20121206|46110.p1				
MMETSP1032-20121206|47221.p1				
MMETSP1032-20121206|47282.p1				
MMETSP1032-20121206|49634.p1				
MMETSP1032-20121206|51346.p1				
MMETSP1032-20121206|51757.p2				
MMETSP1032-20121206|52338.p1				
MMETSP1032-20121206|55075.p4				
MMETSP1032-20121206|55692.p1				
MMETSP1032-20121206|55823.p1				
MMETSP1032-20121206|56180.p1				
MMETSP1032-20121206|56447.p1				
MMETSP1032-20121206|59307.p1				
MMETSP1032-20121206|59660.p1				
MMETSP1032-20121206|5978.p1				
MMETSP1032-20121206|6068.p1				
MMETSP1032-20121206|63494.p1				
MMETSP1032-20121206|69552.p1				
MMETSP1032-20121206|69714.p1				
MMETSP1032-20121206|77295.p3				
MMETSP1032-20121206|77571.p4				
MMETSP1032-20121206|78044.p1				
MMETSP1032-20121206|80203.p1				
MMETSP1032-20121206|80266.p1				
MMETSP1032-20121206|80640.p2				
MMETSP1032-20121206|80663.p1				
MMETSP1032-20121206|80988.p2				
MMETSP1032-20121206|84368.p1				
MMETSP1032-20121206|84608.p3				
MMETSP1032-20121206|85263.p2				
MMETSP1032-20121206|86138.p3				
MMETSP1032-20121206|87943.p2				
MMETSP1032-20121206|87943.p3				
MMETSP1032-20121206|9077.p1				
MMETSP1032-20121206|9132.p1				
MMETSP1032-20121206|9640.p1				
MMETSP1033-20121206|10766.p1				
MMETSP1033-20121206|11013.p1				
MMETSP1033-20121206|11832.p1				
MMETSP1033-20121206|12643.p1				
MMETSP1033-20121206|13203.p1				
MMETSP1033-20121206|14037.p1				
MMETSP1033-20121206|15471.p1				
MMETSP1033-20121206|16606.p1				
MMETSP1033-20121206|19480.p1				
MMETSP1033-20121206|20240.p1				
MMETSP1033-20121206|20465.p1				
MMETSP1033-20121206|20525.p1				
MMETSP1033-20121206|24002.p2				
MMETSP1033-20121206|24468.p1				
MMETSP1033-20121206|2624.p1				
MMETSP1033-20121206|26810.p1				
MMETSP1033-20121206|28358.p1				
MMETSP1033-20121206|31318.p1				
MMETSP1033-20121206|31438.p2				
MMETSP1033-20121206|31655.p1				
MMETSP1033-20121206|32615.p1				
MMETSP1033-20121206|32650.p1				
MMETSP1033-20121206|34809.p1				
MMETSP1033-20121206|37379.p1				
MMETSP1033-20121206|37567.p2				
MMETSP1033-20121206|38530.p1				
MMETSP1033-20121206|38537.p1				
MMETSP1033-20121206|38769.p1				
MMETSP1033-20121206|40607.p1				
MMETSP1033-20121206|42304.p1				
MMETSP1033-20121206|4270.p1				
MMETSP1033-20121206|43431.p2				
MMETSP1033-20121206|47179.p1				
MMETSP1033-20121206|47654.p1				
MMETSP1033-20121206|47705.p1				
MMETSP1033-20121206|50472.p1				
MMETSP1033-20121206|50744.p1				
MMETSP1033-20121206|55412.p3				
MMETSP1033-20121206|55518.p1				
MMETSP1033-20121206|55688.p1				
MMETSP1033-20121206|55835.p1				
MMETSP1033-20121206|56089.p1				
MMETSP1033-20121206|58724.p1				
MMETSP1033-20121206|6216.p2				
MMETSP1033-20121206|6321.p2				
MMETSP1033-20121206|645.p1				
MMETSP1033-20121206|68275.p1				
MMETSP1033-20121206|71448.p1				
MMETSP1033-20121206|74663.p2				
MMETSP1033-20121206|76031.p1				
MMETSP1033-20121206|77096.p1				
MMETSP1033-20121206|78235.p1				
MMETSP1033-20121206|78246.p2				
MMETSP1033-20121206|78767.p1				
MMETSP1033-20121206|79415.p1				
MMETSP1033-20121206|79978.p1				
MMETSP1033-20121206|80727.p1				
MMETSP1033-20121206|82868.p1				
MMETSP1033-20121206|82969.p2				
MMETSP1033-20121206|8437.p1				
MMETSP1033-20121206|85180.p3				
MMETSP1033-20121206|85312.p1				
MMETSP1033-20121206|86936.p1				
MMETSP1033-20121206|87197.p1				
MMETSP1033-20121206|9583.p1				
MMETSP1033-20121206|9745.p1				
MMETSP1034-20121206|12366.p1				
MMETSP1034-20121206|12602.p1				
MMETSP1034-20121206|15399.p1				
MMETSP1034-20121206|15466.p1				
MMETSP1034-20121206|17456.p1				
MMETSP1034-20121206|19191.p1				
MMETSP1034-20121206|25217.p1				
MMETSP1034-20121206|26540.p1				
MMETSP1034-20121206|27071.p1				
MMETSP1034-20121206|27108.p2				
MMETSP1034-20121206|27872.p1				
MMETSP1034-20121206|29487.p1				
MMETSP1034-20121206|30035.p1				
MMETSP1034-20121206|31287.p1				
MMETSP1034-20121206|31758.p1				
MMETSP1034-20121206|3266.p1				
MMETSP1034-20121206|33473.p2				
MMETSP1034-20121206|35769.p1				
MMETSP1034-20121206|36321.p1				
MMETSP1034-20121206|37152.p1				
MMETSP1034-20121206|4146.p1				
MMETSP1034-20121206|42458.p1				
MMETSP1034-20121206|43636.p2				
MMETSP1034-20121206|4504.p1				
MMETSP1034-20121206|45829.p1				
MMETSP1034-20121206|49238.p1				
MMETSP1034-20121206|51802.p1				
MMETSP1034-20121206|52033.p1				
MMETSP1034-20121206|53651.p1				
MMETSP1034-20121206|53736.p1				
MMETSP1034-20121206|54899.p1				
MMETSP1034-20121206|55348.p1				
MMETSP1034-20121206|65858.p3				
MMETSP1034-20121206|70331.p1				
MMETSP1034-20121206|70910.p2				
MMETSP1034-20121206|7103.p1				
MMETSP1034-20121206|7172.p1				
MMETSP1034-20121206|72132.p1				
MMETSP1034-20121206|75440.p1				
MMETSP1034-20121206|78992.p1				
MMETSP1034-20121206|79993.p1				
MMETSP1034-20121206|82029.p1				
MMETSP1034-20121206|82065.p1				
MMETSP1034-20121206|83546.p1				
MMETSP1034-20121206|85023.p1				
MMETSP1034-20121206|85497.p1				
MMETSP1034-20121206|86900.p1				
MMETSP1034-20121206|87005.p1				
MMETSP1034-20121206|8836.p1				
MMETSP1035-20121206|10215.p1				
MMETSP1035-20121206|10952.p1				
MMETSP1035-20121206|11180.p1				
MMETSP1035-20121206|12236.p1				
MMETSP1035-20121206|12718.p1				
MMETSP1035-20121206|13813.p1				
MMETSP1035-20121206|15080.p1				
MMETSP1035-20121206|1530.p1				
MMETSP1035-20121206|15984.p1				
MMETSP1035-20121206|16589.p2				
MMETSP1035-20121206|16919.p1				
MMETSP1035-20121206|16988.p7				
MMETSP1035-20121206|17452.p1				
MMETSP1035-20121206|17871.p1				
MMETSP1035-20121206|1925.p1				
MMETSP1035-20121206|19445.p2				
MMETSP1035-20121206|20110.p1				
MMETSP1035-20121206|20726.p2				
MMETSP1035-20121206|22374.p1				
MMETSP1035-20121206|23786.p1				
MMETSP1035-20121206|24166.p1				
MMETSP1035-20121206|24726.p1				
MMETSP1035-20121206|26688.p1				
MMETSP1035-20121206|26949.p2				
MMETSP1035-20121206|32566.p1				
MMETSP1035-20121206|33809.p1				
MMETSP1035-20121206|35238.p1				
MMETSP1035-20121206|39823.p1				
MMETSP1035-20121206|4060.p1				
MMETSP1035-20121206|40733.p3				
MMETSP1035-20121206|41244.p1				
MMETSP1035-20121206|41296.p1				
MMETSP1035-20121206|41672.p1				
MMETSP1035-20121206|45836.p1				
MMETSP1035-20121206|47371.p2				
MMETSP1035-20121206|48390.p1				
MMETSP1035-20121206|4865.p1				
MMETSP1035-20121206|50544.p1				
MMETSP1035-20121206|50568.p2				
MMETSP1035-20121206|52358.p1				
MMETSP1035-20121206|52364.p1				
MMETSP1035-20121206|52734.p1				
MMETSP1035-20121206|5353.p2				
MMETSP1035-20121206|5856.p2				
MMETSP1035-20121206|62534.p1				
MMETSP1035-20121206|6492.p1				
MMETSP1035-20121206|65763.p2				
MMETSP1035-20121206|67308.p1				
MMETSP1035-20121206|676.p1				
MMETSP1035-20121206|67637.p1				
MMETSP1035-20121206|69837.p1				
MMETSP1035-20121206|69977.p1				
MMETSP1035-20121206|72612.p1				
MMETSP1035-20121206|74518.p2				
MMETSP1035-20121206|7989.p1				
MMETSP1035-20121206|80686.p2				
MMETSP1035-20121206|84010.p3				
MMETSP1035-20121206|84327.p1				
MMETSP1035-20121206|84758.p2				
MMETSP1035-20121206|8498.p1				
MMETSP1035-20121206|86529.p3				
MMETSP1035-20121206|87329.p1				
MMETSP1035-20121206|8753.p1				
MMETSP1035-20121206|9971.p1				
NCLIV_002090				
NCLIV_008260				
NCLIV_011980				
NCLIV_012150				
NCLIV_012170				
NCLIV_012870				
NCLIV_016600				
NCLIV_016830				
NCLIV_017560				
NCLIV_0180				
NCLIV_025300				
NCLIV_028350				
NCLIV_044270				
NCLIV_044860				
NCLIV_047220				
NCLIV_047750				
NCLIV_050130				
NCLIV_057940				
NCLIV_061660				
NCLIV_070280				
MMETSP0253-20130528|10088.p1				
MMETSP0253-20130528|10143.p1				
MMETSP0253-20130528|10530.p1				
MMETSP0253-20130528|10774.p1				
MMETSP0253-20130528|10910.p1				
MMETSP0253-20130528|11294.p1				
MMETSP0253-20130528|11334.p1				
MMETSP0253-20130528|12678.p1				
MMETSP0253-20130528|13291.p1				
MMETSP0253-20130528|13447.p1				
MMETSP0253-20130528|14376.p1				
MMETSP0253-20130528|14865.p1				
MMETSP0253-20130528|14981.p1				
MMETSP0253-20130528|15138.p1				
MMETSP0253-20130528|15178.p1				
MMETSP0253-20130528|15542.p1				
MMETSP0253-20130528|16030.p1				
MMETSP0253-20130528|1828.p1				
MMETSP0253-20130528|2250.p1				
MMETSP0253-20130528|22752.p1				
MMETSP0253-20130528|2581.p1				
MMETSP0253-20130528|28358.p1				
MMETSP0253-20130528|28741.p1				
MMETSP0253-20130528|31404.p1				
MMETSP0253-20130528|3275.p1				
MMETSP0253-20130528|3443.p1				
MMETSP0253-20130528|35533.p1				
MMETSP0253-20130528|3688.p1				
MMETSP0253-20130528|39554.p1				
MMETSP0253-20130528|40631.p1				
MMETSP0253-20130528|4108.p1				
MMETSP0253-20130528|41408.p1				
MMETSP0253-20130528|42046.p1				
MMETSP0253-20130528|43221.p1				
MMETSP0253-20130528|43719.p1				
MMETSP0253-20130528|4440.p1				
MMETSP0253-20130528|44402.p1				
MMETSP0253-20130528|4456.p1				
MMETSP0253-20130528|4458.p1				
MMETSP0253-20130528|45552.p1				
MMETSP0253-20130528|4573.p1				
MMETSP0253-20130528|46303.p1				
MMETSP0253-20130528|46885.p1				
MMETSP0253-20130528|47081.p1				
MMETSP0253-20130528|47218.p1				
MMETSP0253-20130528|49745.p1				
MMETSP0253-20130528|51551.p1				
MMETSP0253-20130528|51570.p1				
MMETSP0253-20130528|52079.p1				
MMETSP0253-20130528|53076.p1				
MMETSP0253-20130528|53354.p1				
MMETSP0253-20130528|54266.p1				
MMETSP0253-20130528|54552.p1				
MMETSP0253-20130528|56359.p1				
MMETSP0253-20130528|57190.p1				
MMETSP0253-20130528|59078.p1				
MMETSP0253-20130528|59729.p1				
MMETSP0253-20130528|59741.p1				
MMETSP0253-20130528|59814.p1				
MMETSP0253-20130528|60107.p1				
MMETSP0253-20130528|60705.p1				
MMETSP0253-20130528|60822.p1				
MMETSP0253-20130528|62128.p1				
MMETSP0253-20130528|62199.p1				
MMETSP0253-20130528|63249.p1				
MMETSP0253-20130528|63289.p1				
MMETSP0253-20130528|63912.p1				
MMETSP0253-20130528|64261.p1				
MMETSP0253-20130528|64359.p1				
MMETSP0253-20130528|64619.p1				
MMETSP0253-20130528|64700.p1				
MMETSP0253-20130528|65115.p1				
MMETSP0253-20130528|65650.p1				
MMETSP0253-20130528|6587.p1				
MMETSP0253-20130528|65910.p1				
MMETSP0253-20130528|65918.p1				
MMETSP0253-20130528|68588.p1				
MMETSP0253-20130528|69194.p1				
MMETSP0253-20130528|69197.p1				
MMETSP0253-20130528|69848.p1				
MMETSP0253-20130528|7011.p1				
MMETSP0253-20130528|7088.p1				
MMETSP0253-20130528|7124.p1				
MMETSP0253-20130528|7195.p1				
MMETSP0253-20130528|71981.p1				
MMETSP0253-20130528|73084.p1				
MMETSP0253-20130528|74188.p1				
MMETSP0253-20130528|7493.p1				
MMETSP0253-20130528|75195.p1				
MMETSP0253-20130528|75554.p1				
MMETSP0253-20130528|75896.p1				
MMETSP0253-20130528|77625.p1				
MMETSP0253-20130528|7858.p1				
MMETSP0253-20130528|78653.p1				
MMETSP0253-20130528|79939.p1				
MMETSP0253-20130528|80534.p1				
MMETSP0253-20130528|8079.p1				
MMETSP0253-20130528|8089.p1				
MMETSP0253-20130528|8288.p1				
MMETSP0253-20130528|8529.p1				
MMETSP0253-20130528|8739.p1				
MMETSP0253-20130528|87826.p1				
MMETSP0253-20130528|89597.p1				
MMETSP0253-20130528|91321.p1				
MMETSP0253-20130528|92041.p1				
MMETSP0253-20130528|92210.p1				
MMETSP0253-20130528|9316.p1				
MMETSP0253-20130528|9400.p1				
MMETSP0253-20130528|95756.p1				
MMETSP0253-20130528|96105.p1				
MMETSP0253-20130528|96105.p2				
MMETSP0253-20130528|96136.p1				
MMETSP0253-20130528|96220.p1				
MMETSP0253-20130528|96523.p1				
MMETSP0253-20130528|96757.p1				
MMETSP0253-20130528|97251.p1				
MMETSP0253-20130528|97627.p1				
MMETSP0253-20130528|97643.p1				
MMETSP0253-20130528|97719.p1				
MMETSP0253-20130528|97905.p1				
MMETSP0253-20130528|98014.p1				
MMETSP0253-20130528|98058.p1				
MMETSP0253-20130528|9818.p1				
MMETSP0253-20130528|98587.p1				
MMETSP0253-20130528|98740.p2				
MMETSP0253-20130528|98792.p2				
MMETSP0253-20130528|99400.p1				
MMETSP0253-20130528|99400.p2				
MMETSP0253-20130528|99433.p1				
PATL_000758-T1				
PATL_001072-T1				
PATL_002735-T1				
PATL_005090-T1				
PATL_005618-T1				
PATL_005806-T1				
PATL_006789-T1				
PATL_007052-T1				
PATL_007437-T1				
PATL_007499-T1				
PATL_007869-T1				
PATL_007870-T1				
PATL_008023-T1				
PATL_008434-T1				
PATL_008541-T1				
PATL_009281-T1				
PATL_010814-T1				
PATL_011537-T1				
PATL_012678-T1				
PATL_013050-T1				
PATL_013633-T1				
PATL_014263-T1				
PATL_015559-T1				
PATL_015776-T1				
PATL_016060-T1				
PCHE_000667-T1				
PCHE_000771-T1				
PCHE_000922-T1				
PCHE_000923-T1				
PCHE_001005-RA				
PCHE_001341-T1				
PCHE_002172-T1				
PCHE_003489-T1				
PCHE_004042-T1				
PCHE_004429-T1				
PCHE_004757-T1				
PCHE_005169-T1				
PCHE_005589-RA				
PCHE_005931-T1				
PCHE_006321-T1				
PCHE_006733-T1				
PCHE_006903-T1				
PCHE_007504-RA				
PCHE_008430-T1				
PCHE_010349-T1				
PCHE_011619-T1				
PCHE_012460-T1				
PCHE_012900-T1				
PCHE_013740-T1				
PCHE_013975-T1				
PCHE_014337-T1				
PCHE_014768-T1				
PCHE_015084-RA				
PCHE_015162-T1				
PCHE_015163-T1				
PCHE_015324-T1				
PCHE_015696-T1				
PCHE_015727-T1				
PCHE_016112-T1				
PCHE_016637-T1				
PCHE_017360-T1				
PCHE_018597-T1				
PCHE_019547-T1				
PCHE_019573-T1				
PCHE_020174-T1				
PCHE_023010-T1				
PMAR_00058-T1				
PMAR_00282-T1				
PMAR_00284-T1				
PMAR_00288-T1				
PMAR_00301-T1				
PMAR_01036-T1				
PMAR_01291-T1				
PMAR_022578-T1				
PMAR_025565-T1				
PMAR_03483-T1				
PMAR_04914-T1				
PMAR_05692-T1				
PMAR_07867-T1				
PMAR_08505-T1				
PMAR_08572-T1				
PMAR_10226-T1				
PMAR_10714-T1				
PMAR_10882-T1				
PMAR_12259-T1				
PMAR_12765-T1				
PMAR_13581-T1				
PMAR_14298-T1				
PMAR_14512-T1				
PMAR_14898-T1				
PMAR_16205-T1				
PMAR_16208-T1				
PMAR_16408-T1				
PMAR_16554-T1				
PMAR_16557-T1				
PMAR_17934-T1				
PMAR_18182-T1				
PMAR_18281-T1				
PMAR_18285-T1				
PMAR_18285-T2				
PMAR_18710-T1				
PMAR_19441-T1				
PMAR_20109-T1				
PBANKA_0314200				
PBANKA_0408200				
PBANKA_0615200				
PBANKA_0925200				
PBANKA_0925500				
PBANKA_1019800				
PBANKA_1351500				
PBANKA_1421600				
PBANKA_1453400				
PF3D7_0217500			calcium-dependent protein kinase 1	
PF3D7_0310100			calcium-dependent protein kinase 3	
PF3D7_0610600			calcium-dependent protein kinase 2	
PF3D7_0715300			calcium/calmodulin-dependent protein kinase, putative	
PF3D7_0717500	parasite plasma membrane 3	marker	calcium-dependent protein kinase 4	
PF3D7_1122800			calcium-dependent protein kinase 6	
PF3D7_1123100			calcium-dependent protein kinase 7	
PF3D7_1238900			protein kinase 2	
PF3D7_1337800			calcium-dependent protein kinase 5	
PF3D7_1423600			calcium-dependent protein kinase, putative	
PVP01_0313300				
PVP01_0407500				
PVP01_0830100				
PVP01_0923400				
PVP01_0923700				
PVP01_1216900				
PVP01_1325400				
PVP01_1424400				
PVP01_1457000				
CAE8581701.1				
CAE8581958.1				
CAE8583151.1				
CAE8587591.1				
CAE8588191.1				
CAE8588222.1				
CAE8589953.1				
CAE8591875.1				
CAE8591961.1				
CAE8592231.1				
CAE8592243.1				
CAE8592283.1				
CAE8593337.1				
CAE8593358.1				
CAE8595825.1				
CAE8595854.1				
CAE8595965.1				
CAE8595997.1				
CAE8596301.1				
CAE8598437.1				
CAE8599056.1				
CAE8599288.1				
CAE8599357.1				
CAE8601152.1				
CAE8602450.1				
CAE8602832.1				
CAE8602923.1				
CAE8603445.1				
CAE8604436.1				
CAE8604517.1				
CAE8605152.1				
CAE8606108.1				
CAE8606350.1				
CAE8606399.1				
CAE8606429.1				
CAE8606845.1				
CAE8608513.1				
CAE8609186.1				
CAE8609388.1				
CAE8609631.1				
CAE8609941.1				
CAE8610262.1				
CAE8610562.1				
CAE8611626.1				
CAE8613346.1				
CAE8616278.1				
CAE8616369.1				
CAE8616397.1				
CAE8616459.1				
CAE8617759.1				
CAE8618697.1				
CAE8619152.1				
CAE8619163.1				
CAE8619425.1				
CAE8619659.1				
CAE8619762.1				
CAE8620403.1				
CAE8620954.1				
CAE8620956.1				
CAE8621616.1				
CAE8622023.1				
CAE8622893.1				
CAE8623275.1				
CAE8623743.1				
CAE8624520.1				
CAE8626929.1				
CAE8627554.1				
CAE8627556.1				
CAE8627629.1				
CAE8627705.1				
CAE8627886.1				
CAE8628548.1				
CAE8628917.1				
CAE8630766.1				
CAE8631664.1				
CAE8632647.1				
CAE8632880.1				
CAE8635264.1				
CAE8635421.1				
CAE8635572.1				
CAE8635774.1				
CAE8636025.1				
CAE8636063.1				
CAE8636617.1				
CAE8636624.1				
CAE8637578.1				
CAE8637975.1				
CAE8638115.1				
CAE8639914.1				
CAE8640126.1				
CAE8640169.1				
CAE8640496.1				
CAE8642721.1				
CAE8643016.1				
CAE8643564.1				
MMETSP0228-20121227|10031.p1				
MMETSP0228-20121227|10129.p1				
MMETSP0228-20121227|10543.p1				
MMETSP0228-20121227|10665.p1				
MMETSP0228-20121227|11140.p2				
MMETSP0228-20121227|11386.p1				
MMETSP0228-20121227|11406.p1				
MMETSP0228-20121227|11555.p1				
MMETSP0228-20121227|13084.p1				
MMETSP0228-20121227|13394.p1				
MMETSP0228-20121227|13439.p1				
MMETSP0228-20121227|14278.p1				
MMETSP0228-20121227|14776.p1				
MMETSP0228-20121227|14986.p1				
MMETSP0228-20121227|15054.p1				
MMETSP0228-20121227|15251.p1				
MMETSP0228-20121227|1544.p1				
MMETSP0228-20121227|15972.p1				
MMETSP0228-20121227|16091.p1				
MMETSP0228-20121227|16277.p1				
MMETSP0228-20121227|16562.p1				
MMETSP0228-20121227|17146.p1				
MMETSP0228-20121227|18003.p1				
MMETSP0228-20121227|18040.p1				
MMETSP0228-20121227|18487.p1				
MMETSP0228-20121227|19184.p1				
MMETSP0228-20121227|19545.p1				
MMETSP0228-20121227|19693.p1				
MMETSP0228-20121227|19721.p1				
MMETSP0228-20121227|19988.p1				
MMETSP0228-20121227|20013.p1				
MMETSP0228-20121227|20367.p1				
MMETSP0228-20121227|20701.p1				
MMETSP0228-20121227|21461.p1				
MMETSP0228-20121227|22512.p1				
MMETSP0228-20121227|22801.p1				
MMETSP0228-20121227|23155.p1				
MMETSP0228-20121227|23631.p1				
MMETSP0228-20121227|24043.p1				
MMETSP0228-20121227|24785.p1				
MMETSP0228-20121227|24859.p1				
MMETSP0228-20121227|25982.p1				
MMETSP0228-20121227|2639.p1				
MMETSP0228-20121227|26685.p2				
MMETSP0228-20121227|27216.p1				
MMETSP0228-20121227|27526.p1				
MMETSP0228-20121227|28018.p1				
MMETSP0228-20121227|28410.p1				
MMETSP0228-20121227|29139.p1				
MMETSP0228-20121227|29321.p1				
MMETSP0228-20121227|29321.p3				
MMETSP0228-20121227|29744.p1				
MMETSP0228-20121227|30197.p2				
MMETSP0228-20121227|30396.p2				
MMETSP0228-20121227|31068.p1				
MMETSP0228-20121227|31915.p2				
MMETSP0228-20121227|32255.p1				
MMETSP0228-20121227|32643.p2				
MMETSP0228-20121227|32764.p1				
MMETSP0228-20121227|33276.p1				
MMETSP0228-20121227|3431.p1				
MMETSP0228-20121227|35294.p2				
MMETSP0228-20121227|35948.p1				
MMETSP0228-20121227|36914.p1				
MMETSP0228-20121227|37322.p1				
MMETSP0228-20121227|3778.p1				
MMETSP0228-20121227|39384.p2				
MMETSP0228-20121227|40056.p2				
MMETSP0228-20121227|40491.p1				
MMETSP0228-20121227|40772.p1				
MMETSP0228-20121227|40773.p2				
MMETSP0228-20121227|44619.p1				
MMETSP0228-20121227|4465.p1				
MMETSP0228-20121227|45769.p1				
MMETSP0228-20121227|45865.p1				
MMETSP0228-20121227|46669.p1				
MMETSP0228-20121227|4720.p1				
MMETSP0228-20121227|48989.p1				
MMETSP0228-20121227|49442.p1				
MMETSP0228-20121227|49727.p1				
MMETSP0228-20121227|49887.p1				
MMETSP0228-20121227|50145.p2				
MMETSP0228-20121227|50300.p1				
MMETSP0228-20121227|50907.p1				
MMETSP0228-20121227|52599.p1				
MMETSP0228-20121227|52604.p1				
MMETSP0228-20121227|5375.p1				
MMETSP0228-20121227|55083.p1				
MMETSP0228-20121227|56194.p1				
MMETSP0228-20121227|60761.p1				
MMETSP0228-20121227|60926.p1				
MMETSP0228-20121227|61129.p1				
MMETSP0228-20121227|61731.p2				
MMETSP0228-20121227|61861.p1				
MMETSP0228-20121227|6187.p1				
MMETSP0228-20121227|6298.p1				
MMETSP0228-20121227|65703.p1				
MMETSP0228-20121227|65703.p3				
MMETSP0228-20121227|66803.p1				
MMETSP0228-20121227|67130.p1				
MMETSP0228-20121227|68061.p1				
MMETSP0228-20121227|69958.p1				
MMETSP0228-20121227|70951.p1				
MMETSP0228-20121227|72504.p1				
MMETSP0228-20121227|72729.p1				
MMETSP0228-20121227|7361.p1				
MMETSP0228-20121227|75207.p1				
MMETSP0228-20121227|75968.p1				
MMETSP0228-20121227|76781.p1				
MMETSP0228-20121227|77853.p1				
MMETSP0228-20121227|78138.p2				
MMETSP0228-20121227|7933.p1				
MMETSP0228-20121227|8381.p1				
MMETSP0228-20121227|8605.p1				
MMETSP0228-20121227|9574.p1				
PPERSA_00258				
PPERSA_00319				
PPERSA_00917				
PPERSA_01014				
PPERSA_01167				
PPERSA_01327				
PPERSA_02215				
PPERSA_03513				
PPERSA_03516				
PPERSA_03835				
PPERSA_04516				
PPERSA_05701				
PPERSA_05724				
PPERSA_06111				
PPERSA_06463				
PPERSA_07422				
PPERSA_07431				
PPERSA_07643				
PPERSA_09146				
PPERSA_09423				
PPERSA_09668				
PPERSA_09776				
PPERSA_09949				
PPERSA_10206				
PPERSA_10647				
PPERSA_10711				
PPERSA_10774				
PPERSA_10869				
PPERSA_10985				
PPERSA_12151				
PPERSA_12423				
PPERSA_12831				
PPERSA_12991				
SN3_00100775				
SN3_00200360				
SN3_00501425				
SN3_00600020				
SN3_00600795				
SN3_01000255				
SN3_01000775				
SN3_01600345				
SN3_01900740				
SN3_02100045				
SN3_02400475				
SN3_02800495				
SN3_02900045				
SN3_03600105				
SN3_03600225				
SteCoe_10638				
SteCoe_10656				
SteCoe_10688				
SteCoe_10712				
SteCoe_1085				
SteCoe_11007				
SteCoe_11216				
SteCoe_11238				
SteCoe_11240				
SteCoe_11553				
SteCoe_11641				
SteCoe_1189				
SteCoe_12067				
SteCoe_12068				
SteCoe_12399				
SteCoe_12794				
SteCoe_13002				
SteCoe_13138				
SteCoe_13169				
SteCoe_13397				
SteCoe_13404				
SteCoe_13487				
SteCoe_13758				
SteCoe_13916				
SteCoe_14020				
SteCoe_14122				
SteCoe_14583				
SteCoe_14758				
SteCoe_14819				
SteCoe_15116				
SteCoe_15135				
SteCoe_15137				
SteCoe_15704				
SteCoe_15854				
SteCoe_15964				
SteCoe_16035				
SteCoe_16157				
SteCoe_1632				
SteCoe_16555				
SteCoe_16644				
SteCoe_16865				
SteCoe_17572				
SteCoe_176				
SteCoe_17686				
SteCoe_17816				
SteCoe_17944				
SteCoe_18176				
SteCoe_18191				
SteCoe_18397				
SteCoe_18558				
SteCoe_1857				
SteCoe_19278				
SteCoe_19366				
SteCoe_1941				
SteCoe_19518				
SteCoe_19569				
SteCoe_19570				
SteCoe_19841				
SteCoe_19937				
SteCoe_19967				
SteCoe_20046				
SteCoe_20095				
SteCoe_20536				
SteCoe_20570				
SteCoe_20664				
SteCoe_20863				
SteCoe_21017				
SteCoe_21495				
SteCoe_2171				
SteCoe_21854				
SteCoe_22051				
SteCoe_2206				
SteCoe_22446				
SteCoe_22991				
SteCoe_23167				
SteCoe_23215				
SteCoe_23333				
SteCoe_23480				
SteCoe_23631				
SteCoe_23900				
SteCoe_24319				
SteCoe_24347				
SteCoe_2452				
SteCoe_25229				
SteCoe_25347				
SteCoe_25556				
SteCoe_25747				
SteCoe_25833				
SteCoe_25991				
SteCoe_26043				
SteCoe_26159				
SteCoe_26394				
SteCoe_26520				
SteCoe_2668				
SteCoe_26745				
SteCoe_26756				
SteCoe_26883				
SteCoe_27035				
SteCoe_2717				
SteCoe_27183				
SteCoe_27875				
SteCoe_28310				
SteCoe_28311				
SteCoe_28533				
SteCoe_29				
SteCoe_2918				
SteCoe_29247				
SteCoe_29483				
SteCoe_29537				
SteCoe_30223				
SteCoe_3054				
SteCoe_30681				
SteCoe_30731				
SteCoe_30736				
SteCoe_30770				
SteCoe_30888				
SteCoe_30949				
SteCoe_31123				
SteCoe_31266				
SteCoe_31490				
SteCoe_31492				
SteCoe_31730				
SteCoe_32443				
SteCoe_32610				
SteCoe_32631				
SteCoe_32743				
SteCoe_32798				
SteCoe_33035				
SteCoe_33067				
SteCoe_33317				
SteCoe_33318				
SteCoe_33457				
SteCoe_33507				
SteCoe_33514				
SteCoe_33528				
SteCoe_33732				
SteCoe_33780				
SteCoe_33865				
SteCoe_34265				
SteCoe_34268				
SteCoe_34296				
SteCoe_34334				
SteCoe_34338				
SteCoe_34339				
SteCoe_34352				
SteCoe_34487				
SteCoe_34511				
SteCoe_34550				
SteCoe_34693				
SteCoe_34771				
SteCoe_34807				
SteCoe_34848				
SteCoe_34981				
SteCoe_34988				
SteCoe_34991				
SteCoe_3513				
SteCoe_35516				
SteCoe_36044				
SteCoe_36075				
SteCoe_36202				
SteCoe_3639				
SteCoe_36499				
SteCoe_36876				
SteCoe_37032				
SteCoe_37214				
SteCoe_37240				
SteCoe_37563				
SteCoe_4111				
SteCoe_4125				
SteCoe_4269				
SteCoe_4475				
SteCoe_4534				
SteCoe_4572				
SteCoe_4854				
SteCoe_5099				
SteCoe_514				
SteCoe_5198				
SteCoe_5541				
SteCoe_5562				
SteCoe_5659				
SteCoe_5756				
SteCoe_6043				
SteCoe_6355				
SteCoe_6407				
SteCoe_6505				
SteCoe_6595				
SteCoe_6703				
SteCoe_6722				
SteCoe_6946				
SteCoe_7137				
SteCoe_7258				
SteCoe_7269				
SteCoe_7378				
SteCoe_7426				
SteCoe_7470				
SteCoe_7564				
SteCoe_7672				
SteCoe_792				
SteCoe_8089				
SteCoe_8382				
SteCoe_8564				
SteCoe_887				
SteCoe_8937				
SteCoe_9161				
SteCoe_9191				
SteCoe_9402				
SteCoe_9450				
SteCoe_9792				
SteCoe_9809				
SteCoe_9912				
STYLEM_10387				
STYLEM_10543				
STYLEM_10728				
STYLEM_10994				
STYLEM_11281				
STYLEM_11309				
STYLEM_11496				
STYLEM_11567				
STYLEM_11770				
STYLEM_11901				
STYLEM_11971				
STYLEM_12344				
STYLEM_12847				
STYLEM_13179				
STYLEM_13526				
STYLEM_13554				
STYLEM_1398				
STYLEM_1422				
STYLEM_1451				
STYLEM_15198				
STYLEM_15218				
STYLEM_15453				
STYLEM_15756				
STYLEM_16206				
STYLEM_16587				
STYLEM_17475				
STYLEM_17616				
STYLEM_17805				
STYLEM_18911				
STYLEM_19104				
STYLEM_19115				
STYLEM_19150				
STYLEM_19617				
STYLEM_1983				
STYLEM_19860				
STYLEM_1995				
STYLEM_20377				
STYLEM_20431				
STYLEM_2740				
STYLEM_3010				
STYLEM_3114				
STYLEM_3399				
STYLEM_3854				
STYLEM_437				
STYLEM_4553				
STYLEM_4659				
STYLEM_5636				
STYLEM_5755				
STYLEM_5894				
STYLEM_6435				
STYLEM_8048				
STYLEM_8223				
STYLEM_8433				
STYLEM_8629				
STYLEM_9058				
STYLEM_9330				
STYLEM_9391				
STYLEM_963				
Smic10857				
Smic11578				
Smic11789				
Smic12320				
Smic14094				
Smic15927				
Smic16763				
Smic17646				
Smic18820				
Smic20358				
Smic20359				
Smic22484				
Smic22535				
Smic23222				
Smic24864				
Smic25135				
Smic26027				
Smic27214				
Smic27225				
Smic30983				
Smic3508				
Smic35661				
Smic35889				
Smic37580				
Smic38154				
Smic38297				
Smic40862				
Smic45330				
Smic46058				
Smic5204				
Smic596				
Smic6645				
Smic7299				
Smic8710				
GAKY01000605.1.p1				
GAKY01001254.1.p1				
GAKY01004178.1.p1				
GAKY01004298.1.p1				
GAKY01004754.1.p1				
GAKY01004758.1.p4				
GAKY01008151.1.p1				
GAKY01008152.1.p1				
GAKY01008153.1.p1				
GAKY01008471.1.p1				
GAKY01011069.1.p1				
GAKY01011073.1.p1				
GAKY01011074.1.p1				
GAKY01012636.1.p1				
GAKY01013293.1.p1				
GAKY01015900.1.p1				
GAKY01015903.1.p1				
GAKY01015904.1.p3				
GAKY01021006.1.p1				
GAKY01021191.1.p1				
GAKY01022754.1.p1				
GAKY01024497.1.p1				
GAKY01025278.1.p1				
GAKY01025279.1.p3				
GAKY01025280.1.p1				
GAKY01026099.1.p1				
GAKY01026203.1.p1				
GAKY01027019.1.p1				
GAKY01027023.1.p1				
GAKY01027024.1.p1				
GAKY01029083.1.p1				
GAKY01030264.1.p1				
GAKY01031321.1.p1				
GAKY01031513.1.p1				
GAKY01033005.1.p1				
GAKY01033092.1.p1				
GAKY01033094.1.p1				
GAKY01033097.1.p1				
GAKY01034719.1.p1				
GAKY01035824.1.p1				
GAKY01035825.1.p1				
GAKY01037443.1.p1				
GAKY01037444.1.p1				
GAKY01037446.1.p1				
GAKY01038013.1.p1				
GAKY01039533.1.p1				
GAKY01041105.1.p2				
GAKY01042488.1.p1				
GAKY01046064.1.p1				
GAKY01046186.1.p1				
GAKY01047900.1.p1				
GAKY01047907.1.p1				
GAKY01050241.1.p1				
GAKY01051231.1.p1				
GAKY01051839.1.p1				
GAKY01051840.1.p1				
GAKY01052089.1.p1				
GAKY01053037.1.p1				
GAKY01053038.1.p1				
GAKY01053503.1.p1				
GAKY01053504.1.p1				
GAKY01053508.1.p1				
GAKY01053782.1.p1				
GAKY01055243.1.p1				
GAKY01055245.1.p1				
GAKY01055246.1.p1				
GAKY01057624.1.p1				
GAKY01057626.1.p2				
GAKY01057630.1.p1				
GAKY01059633.1.p1				
GAKY01060173.1.p1				
GAKY01060177.1.p1				
GAKY01062027.1.p1				
GAKY01062731.1.p1				
GAKY01063378.1.p1				
GAKY01063434.1.p1				
GAKY01065045.1.p1				
GAKY01065048.1.p1				
GAKY01068943.1.p1				
GAKY01069701.1.p1				
GAKY01071179.1.p1				
GAKY01071180.1.p1				
GAKY01072776.1.p1				
GAKY01073760.1.p1				
GAKY01074652.1.p1				
GAKY01075528.1.p1				
GAKY01079300.1.p1				
GAKY01079301.1.p1				
GAKY01084552.1.p1				
GAKY01087952.1.p1				
GAKY01090969.1.p1				
GAKY01091751.1.p1				
GAKY01098431.1.p1				
GAKY01098902.1.p1				
GAKY01111104.1.p2				
GAKY01111106.1.p1				
GAKY01112988.1.p1				
GAKY01112989.1.p1				
GAKY01113418.1.p1				
GAKY01113504.1.p1				
GAKY01115407.1.p1				
GAKY01116115.1.p1				
GAKY01120383.1.p1				
GAKY01120877.1.p1				
GAKY01126991.1.p1				
GAKY01126993.1.p1				
GAKY01127177.1.p1				
GAKY01127453.1.p1				
GAKY01127701.1.p1				
GAKY01127705.1.p1				
GAKY01128205.1.p1				
GAKY01128216.1.p1				
GAKY01128217.1.p1				
GAKY01130030.1.p1				
GAKY01132396.1.p1				
GAKY01132811.1.p1				
GAKY01134117.1.p1				
GAKY01135592.1.p1				
GAKY01136027.1.p1				
GAKY01136028.1.p1				
GAKY01136116.1.p1				
GAKY01136767.1.p1				
GAKY01138123.1.p1				
GAKY01144643.1.p1				
GAKY01147276.1.p1				
GAKY01150181.1.p1				
GAKY01150184.1.p1				
GAKY01151382.1.p1				
GAKY01151383.1.p1				
GAKY01151384.1.p1				
GAKY01151385.1.p1				
GAKY01151388.1.p1				
GAKY01153603.1.p1				
GAKY01157042.1.p1				
GAKY01157044.1.p1				
GAKY01157134.1.p1				
GAKY01164291.1.p1				
GAKY01165834.1.p1				
GAKY01169222.1.p1				
GAKY01169223.1.p1				
GAKY01169647.1.p1				
GAKY01169648.1.p1				
GAKY01169649.1.p1				
GAKY01171902.1.p1				
GAKY01171903.1.p1				
GAKY01173150.1.p1				
GAKY01173737.1.p1				
GAKY01174903.1.p1				
GAKY01175434.1.p1				
GAKY01176135.1.p1				
GAKY01177072.1.p1				
GAKY01180339.1.p1				
GAKY01181828.1.p1				
GAKY01183552.1.p1				
GAKY01183589.1.p1				
GAKY01185571.1.p1				
GAKY01194492.1.p1				
TTHERM_00000020				
TTHERM_00000030				
TTHERM_00011220				
TTHERM_00011380				
TTHERM_00053930				
TTHERM_000690080				
TTHERM_00070750				
TTHERM_00075550				
TTHERM_00075800				
TTHERM_00079490				
TTHERM_000841299				
TTHERM_00106700				
TTHERM_00160930				
TTHERM_00218310				
TTHERM_00237410				
TTHERM_00266669				
TTHERM_00275720				
TTHERM_00275730				
TTHERM_00277070				
TTHERM_00300380				
TTHERM_00355740				
TTHERM_00377310				
TTHERM_00442830				
TTHERM_00460710				
TTHERM_00470900				
TTHERM_00502130				
TTHERM_00509000				
TTHERM_00532590				
TTHERM_00534050				
TTHERM_00579180				
TTHERM_00589960				
TTHERM_00616570				
TTHERM_00622930				
TTHERM_00622950				
TTHERM_00622990				
TTHERM_00668030				
TTHERM_00690080				
TTHERM_00971680				
TTHERM_01014460				
TTHERM_01015890				
TTHERM_01052880				
TTHERM_01052910				
TTHERM_01052920				
TTHERM_01075630				
TTHERM_01164090				
TTHERM_01333220				
TTHERM_01344710				
TA08840				
TA12965				
TA14625				
TA16180				
TA16570				
BEWA_008260				
BEWA_021430				
BEWA_025210				
BEWA_041950				
BEWA_043900				
TOT_010000936				
TOT_010001019				
TOT_020000393				
TOT_020000688				
TOT_040000400				
EAN31870.1				
EAN32682.1				
EAN32980.2				
EAN34221.1				
EAN34311.1				
MMETSP0224-20130122|10151.p1				
MMETSP0224-20130122|1101.p1				
MMETSP0224-20130122|11066.p1				
MMETSP0224-20130122|11340.p1				
MMETSP0224-20130122|11671.p1				
MMETSP0224-20130122|11857.p1				
MMETSP0224-20130122|12023.p1				
MMETSP0224-20130122|12708.p1				
MMETSP0224-20130122|12878.p1				
MMETSP0224-20130122|14001.p1				
MMETSP0224-20130122|14508.p1				
MMETSP0224-20130122|14754.p1				
MMETSP0224-20130122|14784.p1				
MMETSP0224-20130122|14817.p1				
MMETSP0224-20130122|15422.p1				
MMETSP0224-20130122|15949.p1				
MMETSP0224-20130122|15996.p1				
MMETSP0224-20130122|1657.p1				
MMETSP0224-20130122|16708.p1				
MMETSP0224-20130122|16765.p1				
MMETSP0224-20130122|17046.p2				
MMETSP0224-20130122|17668.p1				
MMETSP0224-20130122|17871.p1				
MMETSP0224-20130122|18045.p1				
MMETSP0224-20130122|18116.p1				
MMETSP0224-20130122|18173.p1				
MMETSP0224-20130122|19290.p1				
MMETSP0224-20130122|19705.p1				
MMETSP0224-20130122|20907.p1				
MMETSP0224-20130122|21064.p1				
MMETSP0224-20130122|21728.p1				
MMETSP0224-20130122|22582.p1				
MMETSP0224-20130122|24546.p1				
MMETSP0224-20130122|25065.p1				
MMETSP0224-20130122|25814.p1				
MMETSP0224-20130122|26305.p1				
MMETSP0224-20130122|27435.p2				
MMETSP0224-20130122|27935.p1				
MMETSP0224-20130122|28059.p1				
MMETSP0224-20130122|28264.p1				
MMETSP0224-20130122|2859.p1				
MMETSP0224-20130122|28824.p1				
MMETSP0224-20130122|2972.p1				
MMETSP0224-20130122|31541.p1				
MMETSP0224-20130122|3201.p1				
MMETSP0224-20130122|32388.p1				
MMETSP0224-20130122|33191.p1				
MMETSP0224-20130122|33666.p1				
MMETSP0224-20130122|33869.p1				
MMETSP0224-20130122|34131.p1				
MMETSP0224-20130122|3527.p1				
MMETSP0224-20130122|4003.p2				
MMETSP0224-20130122|40638.p1				
MMETSP0224-20130122|41265.p1				
MMETSP0224-20130122|41462.p1				
MMETSP0224-20130122|4259.p1				
MMETSP0224-20130122|43168.p1				
MMETSP0224-20130122|44065.p1				
MMETSP0224-20130122|4415.p1				
MMETSP0224-20130122|44450.p2				
MMETSP0224-20130122|45451.p1				
MMETSP0224-20130122|45698.p1				
MMETSP0224-20130122|45785.p2				
MMETSP0224-20130122|46040.p1				
MMETSP0224-20130122|46668.p2				
MMETSP0224-20130122|4842.p1				
MMETSP0224-20130122|5164.p1				
MMETSP0224-20130122|5804.p1				
MMETSP0224-20130122|7537.p1				
MMETSP0224-20130122|7739.p1				
MMETSP0224-20130122|7897.p1				
MMETSP0224-20130122|9397.p1				
MMETSP0224-20130122|9773.p1				
TGME49_206590	unknown	predicted	nucleus - chromatin	
TGME49_218720	unknown	predicted	nucleus - chromatin	
TGME49_224950				
TGME49_225490				
TGME49_228750	nucleus - chromatin	predicted	calcium dependent protein kinase CDPK7	
TGME49_235750	PM - integral	predicted	ULK kinase	
TGME49_237860				
TGME49_237890	PM - peripheral 2	predicted	calcium-dependent protein kinase CDPK4	
TGME49_240390				
TGME49_240630				
TGME49_242400				
TGME49_243340				
TGME49_253940	PM - integral	predicted	CAM Kinase family, incomplete catalytic triad	
TGME49_255710				
TGME49_258010				
TGME49_262540				
TGME49_283790				
TGME49_295760				
TGME49_301440	nucleus - chromatin	predicted	calcium-dependent protein kinase CDPK1	
TGME49_305860	PM - peripheral 2	marker	calcium-dependent protein kinase CDPK3	
TGME49_315190				
Vbra_10276				
Vbra_10344				
Vbra_11707				
Vbra_12185				
Vbra_12309				
Vbra_1233				
Vbra_12385				
Vbra_12444				
Vbra_12847				
Vbra_13705				
Vbra_14131				
Vbra_14581				
Vbra_15452				
Vbra_16659				
Vbra_17763				
Vbra_18274				
Vbra_18286				
Vbra_18832				
Vbra_18854				
Vbra_18926				
Vbra_19052				
Vbra_19290				
Vbra_19433				
Vbra_19755				
Vbra_19887				
Vbra_20471				
Vbra_20627				
Vbra_20960				
Vbra_20997				
Vbra_22779				
Vbra_2292				
Vbra_3089				
Vbra_3176				
Vbra_3415				
Vbra_3641				
Vbra_3746				
Vbra_4205				
Vbra_5566				
Vbra_5894				
Vbra_7240				
Vbra_750				
Vbra_7542				
Vbra_8331				
Vbra_8735				
Vbra_8886				
Vbra_9222				
Vbra_9402				
Vbra_9613				
Vbra_967				
